-- phpMyAdmin SQL Dump
-- version 4.5.1
-- http://www.phpmyadmin.net
--
-- Host: 127.0.0.1
-- Generation Time: Mar 25, 2017 at 04:03 AM
-- Server version: 10.1.19-MariaDB
-- PHP Version: 5.6.28

SET SQL_MODE = "NO_AUTO_VALUE_ON_ZERO";
SET time_zone = "+00:00";


/*!40101 SET @OLD_CHARACTER_SET_CLIENT=@@CHARACTER_SET_CLIENT */;
/*!40101 SET @OLD_CHARACTER_SET_RESULTS=@@CHARACTER_SET_RESULTS */;
/*!40101 SET @OLD_COLLATION_CONNECTION=@@COLLATION_CONNECTION */;
/*!40101 SET NAMES utf8mb4 */;

--
-- Database: `waterpos_db`
--

-- --------------------------------------------------------

--
-- Table structure for table `accounts`
--

CREATE TABLE `accounts` (
  `account_id` int(11) NOT NULL,
  `account_type_id` int(11) NOT NULL,
  `account_username` varchar(12) DEFAULT NULL,
  `account_password` varchar(32) DEFAULT NULL,
  `account_firstname` varchar(30) DEFAULT NULL,
  `account_middle_initial` char(1) DEFAULT NULL,
  `account_lastname` varchar(30) DEFAULT NULL,
  `account_gender` varchar(6) DEFAULT NULL,
  `account_street` varchar(100) DEFAULT NULL,
  `account_barangay` varchar(100) NOT NULL,
  `account_city_municipality` varchar(100) NOT NULL,
  `account_province` varchar(100) NOT NULL,
  `account_contact` varchar(100) NOT NULL,
  `account_date` date DEFAULT NULL,
  `account_status` varchar(10) NOT NULL,
  `account_key` varchar(250) NOT NULL
) ENGINE=InnoDB DEFAULT CHARSET=latin1;

--
-- Dumping data for table `accounts`
--

INSERT INTO `accounts` (`account_id`, `account_type_id`, `account_username`, `account_password`, `account_firstname`, `account_middle_initial`, `account_lastname`, `account_gender`, `account_street`, `account_barangay`, `account_city_municipality`, `account_province`, `account_contact`, `account_date`, `account_status`, `account_key`) VALUES
(1, 1, 'admin', 'gNZHDFJJmKZVbTdGwRaf9w==', 'Administrator', '', ' ', 'Male', ' Baptist', 'Banilad', 'Dumaguete †', 'Negros Oriental', '', '2017-02-28', 'Enable', 'FMbJpSusGJYCxydXRezxjQ== - v99xUxa77O - fZqnJ7sWV0 - X98RXrsDTZ - oIftz76VYT - 7ZBt80ioNO - BjQzR5DTnA'),
(31, 3, 'owner', 'dOhCHqz7d1q3C7UC44O+Rw==', 'Juan', '', 'Dela cruz ', 'Male', 'Balugo', 'Balugo', 'Dumaguete †', 'Negros Oriental', '099999999', '2017-03-02', 'Enable', 'FMbJpSusGJYCxydXRezxjQ== - v99xUxa77O - fZqnJ7sWV0 - X98RXrsDTZ - oIftz76VYT - 7ZBt80ioNO - BjQzR5DTnA'),
(32, 2, 'test', '+KpJMRoAe9iMi+xCDxn/0w==', 'Test', '', 'Test ', 'Male', 'Test', 'Bagacay', 'dumaguete', 'negros oriental', '09999999999', '2017-03-08', 'Enable', 'FMbJpSusGJYCxydXRezxjQ== - v99xUxa77O - fZqnJ7sWV0 - X98RXrsDTZ - oIftz76VYT - 7ZBt80ioNO - BjQzR5DTnA');

-- --------------------------------------------------------

--
-- Table structure for table `account_logs`
--

CREATE TABLE `account_logs` (
  `account_logs_id` int(11) NOT NULL,
  `account_id` int(11) DEFAULT NULL,
  `ipaddress` varchar(50) NOT NULL,
  `date_login` datetime DEFAULT NULL,
  `account_status` varchar(9) DEFAULT NULL
) ENGINE=InnoDB DEFAULT CHARSET=latin1;

--
-- Dumping data for table `account_logs`
--

INSERT INTO `account_logs` (`account_logs_id`, `account_id`, `ipaddress`, `date_login`, `account_status`) VALUES
(1, 1, 'Colonnello-PC/192.168.254.100', '2017-03-14 13:03:24', ' '),
(2, 1, 'Colonnello-PC/192.168.254.100', '2017-03-14 13:03:24', ' '),
(3, 1, 'Colonnello-PC/192.168.254.100', '2017-03-14 13:03:24', ' '),
(4, 1, 'Colonnello-PC/192.168.254.100', '2017-03-14 13:03:24', ' '),
(5, 1, 'Colonnello-PC/192.168.254.100', '2017-03-14 13:03:24', ' '),
(6, 1, 'Colonnello-PC/192.168.254.100', '2017-03-14 13:03:24', ' '),
(7, 1, 'Colonnello-PC/192.168.254.100', '2017-03-14 13:03:24', ' '),
(8, 1, 'Colonnello-PC/192.168.254.100', '2017-03-14 13:03:24', ' '),
(9, 1, 'Colonnello-PC/192.168.254.100', '2017-03-14 13:03:24', ' '),
(10, 1, 'Colonnello-PC/192.168.254.100', '2017-03-14 13:03:24', ' '),
(11, 1, 'Colonnello-PC/192.168.254.100', '2017-03-14 13:03:24', ' '),
(12, 1, 'Colonnello-PC/192.168.254.100', '2017-03-14 13:03:24', ' '),
(13, 1, 'Colonnello-PC/192.168.254.100', '2017-03-14 13:03:24', ' '),
(14, 1, 'Colonnello-PC/192.168.254.100', '2017-03-14 13:03:24', ' '),
(15, 1, 'Colonnello-PC/192.168.254.100', '2017-03-14 13:03:24', ' '),
(16, 1, 'Colonnello-PC/192.168.254.100', '2017-03-14 13:03:24', ' '),
(17, 1, 'Colonnello-PC/192.168.254.100', '2017-03-14 13:03:24', ' '),
(18, 1, 'Colonnello-PC/192.168.254.100', '2017-03-14 13:03:24', ' '),
(19, 1, 'Colonnello-PC/192.168.254.100', '2017-03-14 13:03:24', ' '),
(20, 1, 'Colonnello-PC/192.168.254.100', '2017-03-14 13:03:24', ' '),
(21, 1, 'Colonnello-PC/192.168.254.100', '2017-03-14 13:03:24', ' '),
(22, 1, 'Colonnello-PC/192.168.254.100', '2017-03-14 13:03:24', ' '),
(23, 1, 'Colonnello-PC/192.168.254.100', '2017-03-14 13:03:24', ' '),
(24, 1, 'Colonnello-PC/192.168.254.100', '2017-03-14 13:03:24', ' '),
(25, 1, 'Colonnello-PC/192.168.254.100', '2017-03-14 13:03:24', ' '),
(26, 1, 'Colonnello-PC/192.168.254.100', '2017-03-14 13:03:24', ' '),
(27, 1, 'Colonnello-PC/192.168.254.100', '2017-03-14 13:03:24', ' '),
(28, 1, 'Colonnello-PC/192.168.254.100', '2017-03-14 13:03:24', ' '),
(29, 1, 'Colonnello-PC/192.168.254.100', '2017-03-14 13:03:24', ' '),
(30, 1, 'Colonnello-PC/192.168.254.100', '2017-03-14 13:03:24', ' '),
(31, 1, 'Colonnello-PC/192.168.254.100', '2017-03-14 13:03:24', ' '),
(32, 1, 'Colonnello-PC/192.168.254.100', '2017-03-14 13:03:24', ' '),
(33, 1, 'Colonnello-PC/192.168.254.100', '2017-03-14 13:03:24', ' '),
(34, 1, 'Colonnello-PC/192.168.254.100', '2017-03-14 13:03:24', ' '),
(35, 1, 'Colonnello-PC/192.168.254.100', '2017-03-14 13:03:24', ' '),
(36, 1, 'Colonnello-PC/192.168.254.100', '2017-03-14 13:03:24', ' '),
(37, 1, 'Colonnello-PC/192.168.254.100', '2017-03-14 13:03:24', ' '),
(38, 1, 'Colonnello-PC/192.168.254.100', '2017-03-14 13:03:24', ' '),
(39, 1, 'Colonnello-PC/192.168.254.100', '2017-03-14 13:03:24', ' '),
(40, 1, 'Colonnello-PC/192.168.254.100', '2017-03-14 13:03:24', ' '),
(41, 1, 'Colonnello-PC/192.168.254.100', '2017-03-14 13:03:24', ' '),
(42, 1, 'Colonnello-PC/192.168.254.100', '2017-03-14 13:03:24', ' '),
(43, 1, 'Colonnello-PC/192.168.254.100', '2017-03-14 13:03:24', ' '),
(44, 1, 'Colonnello-PC/192.168.254.100', '2017-03-14 13:03:24', ' '),
(45, 1, 'Colonnello-PC/192.168.254.100', '2017-03-14 13:03:24', ' '),
(46, 1, 'Colonnello-PC/192.168.254.100', '2017-03-14 13:03:24', ' '),
(47, 1, 'Colonnello-PC/192.168.254.100', '2017-03-14 13:03:24', ' '),
(48, 1, 'Colonnello-PC/192.168.254.100', '2017-03-14 13:03:24', ' '),
(49, 1, 'Colonnello-PC/192.168.254.100', '2017-03-14 13:03:24', ' '),
(50, 1, 'Colonnello-PC/192.168.254.100', '2017-03-14 13:03:24', ' '),
(51, 1, 'Colonnello-PC/192.168.254.100', '2017-03-14 13:03:24', ' '),
(52, 1, 'Colonnello-PC/192.168.254.100', '2017-03-14 13:03:24', ' '),
(53, 1, 'Colonnello-PC/192.168.254.100', '2017-03-14 13:03:24', ' '),
(54, 1, 'Colonnello-PC/192.168.254.100', '2017-03-14 13:03:24', ' '),
(55, 1, 'Colonnello-PC/192.168.254.100', '2017-03-14 13:03:24', ' '),
(56, 1, 'Colonnello-PC/192.168.254.100', '2017-03-14 13:03:24', ' '),
(57, 1, 'Colonnello-PC/192.168.254.100', '2017-03-14 13:03:24', ' '),
(58, 1, 'Colonnello-PC/192.168.254.100', '2017-03-14 13:03:24', ' '),
(59, 1, 'Colonnello-PC/192.168.254.100', '2017-03-14 13:03:24', ' '),
(60, 1, 'Colonnello-PC/192.168.254.100', '2017-03-14 13:03:24', ' '),
(61, 1, 'Colonnello-PC/192.168.254.100', '2017-03-14 13:03:24', ' '),
(62, 1, 'Colonnello-PC/192.168.254.100', '2017-03-14 13:03:24', ' '),
(63, 1, 'Colonnello-PC/192.168.254.100', '2017-03-14 13:03:24', ' '),
(64, 1, 'Colonnello-PC/192.168.254.100', '2017-03-14 13:03:24', ' '),
(65, 1, 'Colonnello-PC/192.168.254.100', '2017-03-14 13:03:24', ' '),
(66, 1, 'Colonnello-PC/192.168.254.100', '2017-03-14 13:03:24', ' '),
(67, 1, 'Colonnello-PC/192.168.254.100', '2017-03-14 13:03:24', ' '),
(68, 1, 'Colonnello-PC/192.168.254.100', '2017-03-14 13:03:24', ' '),
(69, 1, 'Colonnello-PC/192.168.254.100', '2017-03-14 13:03:24', ' '),
(70, 1, 'Colonnello-PC/192.168.254.100', '2017-03-14 13:03:24', ' '),
(71, 1, 'Colonnello-PC/192.168.254.100', '2017-03-14 13:03:24', ' '),
(72, 1, 'Colonnello-PC/192.168.254.100', '2017-03-14 13:03:24', ' '),
(73, 1, 'Colonnello-PC/192.168.254.100', '2017-03-14 13:03:24', ' '),
(74, 1, 'Colonnello-PC/192.168.254.100', '2017-03-14 13:03:24', ' '),
(75, 1, 'Colonnello-PC/192.168.254.100', '2017-03-14 13:03:24', ' '),
(76, 1, 'Colonnello-PC/192.168.254.100', '2017-03-14 13:03:24', ' '),
(77, 1, 'Colonnello-PC/192.168.254.100', '2017-03-14 13:03:24', ' '),
(78, 1, 'Colonnello-PC/192.168.254.100', '2017-03-14 13:03:24', ' '),
(79, 1, 'Colonnello-PC/192.168.254.100', '2017-03-14 13:03:24', ' '),
(80, 1, 'Colonnello-PC/192.168.254.100', '2017-03-14 13:03:24', ' '),
(81, 1, 'Colonnello-PC/192.168.254.100', '2017-03-14 13:03:24', ' '),
(82, 1, 'Colonnello-PC/192.168.254.100', '2017-03-14 13:03:24', ' '),
(83, 1, 'Colonnello-PC/192.168.254.100', '2017-03-14 13:03:24', ' '),
(84, 1, 'Colonnello-PC/192.168.254.100', '2017-03-14 13:03:24', ' '),
(85, 1, 'Colonnello-PC/192.168.254.100', '2017-03-14 13:03:24', ' '),
(86, 1, 'Colonnello-PC/192.168.254.100', '2017-03-14 13:03:24', ' '),
(87, 1, 'Colonnello-PC/192.168.254.100', '2017-03-14 13:03:24', ' '),
(88, 1, 'Colonnello-PC/192.168.254.100', '2017-03-14 13:03:24', ' '),
(89, 1, 'Colonnello-PC/192.168.254.100', '2017-03-14 13:03:24', ' '),
(90, 1, 'Colonnello-PC/192.168.254.100', '2017-03-14 13:03:24', ' '),
(91, 1, 'Colonnello-PC/192.168.254.100', '2017-03-14 13:03:24', ' '),
(92, 1, 'Colonnello-PC/192.168.254.100', '2017-03-14 13:03:24', ' '),
(93, 1, 'Colonnello-PC/192.168.254.100', '2017-03-14 13:03:24', ' '),
(94, 1, 'Colonnello-PC/192.168.254.100', '2017-03-14 13:03:24', ' '),
(95, 1, 'Colonnello-PC/192.168.254.100', '2017-03-14 13:03:24', ' '),
(96, 1, 'Colonnello-PC/192.168.254.100', '2017-03-14 13:03:24', ' '),
(97, 1, 'Colonnello-PC/192.168.254.100', '2017-03-14 13:03:24', ' '),
(98, 1, 'Colonnello-PC/192.168.254.100', '2017-03-14 13:03:24', ' '),
(99, 1, 'Colonnello-PC/192.168.254.100', '2017-03-14 13:03:24', ' '),
(100, 1, 'Colonnello-PC/192.168.254.100', '2017-03-14 13:03:24', ' '),
(101, 1, 'Colonnello-PC/192.168.254.100', '2017-03-14 13:03:24', ' '),
(102, 1, 'Colonnello-PC/192.168.254.100', '2017-03-14 13:03:24', ' '),
(103, 1, 'Colonnello-PC/192.168.254.100', '2017-03-14 13:03:24', ' '),
(104, 1, 'Colonnello-PC/192.168.254.100', '2017-03-14 13:03:24', ' '),
(105, 1, 'Colonnello-PC/192.168.254.100', '2017-03-14 13:03:24', ' '),
(106, 1, 'Colonnello-PC/192.168.254.100', '2017-03-14 13:03:24', ' '),
(107, 1, 'Colonnello-PC/192.168.254.100', '2017-03-14 13:03:24', ' '),
(108, 1, 'Colonnello-PC/192.168.254.100', '2017-03-14 13:03:24', ' '),
(109, 1, 'Colonnello-PC/192.168.254.100', '2017-03-14 13:03:24', ' '),
(110, 1, 'Colonnello-PC/192.168.254.100', '2017-03-14 13:03:24', ' '),
(111, 1, 'Colonnello-PC/192.168.254.100', '2017-03-14 13:03:24', ' '),
(112, 1, 'Colonnello-PC/192.168.254.100', '2017-03-14 13:03:24', ' '),
(113, 1, 'Colonnello-PC/192.168.254.100', '2017-03-14 13:03:24', ' '),
(114, 1, 'Colonnello-PC/192.168.254.100', '2017-03-14 13:03:24', ' '),
(115, 1, 'Colonnello-PC/192.168.254.100', '2017-03-14 13:03:24', ' '),
(116, 1, 'Colonnello-PC/192.168.254.100', '2017-03-14 13:03:24', ' '),
(117, 1, 'Colonnello-PC/192.168.254.100', '2017-03-14 13:03:24', ' '),
(118, 1, 'Colonnello-PC/192.168.254.100', '2017-03-14 13:03:24', ' '),
(119, 1, 'Colonnello-PC/192.168.254.100', '2017-03-14 13:03:24', ' '),
(120, 1, 'Colonnello-PC/192.168.254.100', '2017-03-14 13:03:24', ' '),
(121, 1, 'Colonnello-PC/192.168.254.100', '2017-03-14 13:03:24', ' '),
(122, 1, 'Colonnello-PC/192.168.254.100', '2017-03-14 13:03:24', ' '),
(123, 1, 'Colonnello-PC/192.168.254.100', '2017-03-14 13:03:24', ' '),
(124, 1, 'Colonnello-PC/192.168.254.100', '2017-03-14 13:03:24', ' '),
(125, 1, 'Colonnello-PC/192.168.254.100', '2017-03-14 13:03:24', ' '),
(126, 1, 'Colonnello-PC/192.168.254.100', '2017-03-14 13:03:24', ' '),
(127, 1, 'Colonnello-PC/192.168.254.100', '2017-03-14 13:03:24', ' '),
(128, 1, 'Colonnello-PC/192.168.254.100', '2017-03-14 13:03:24', ' '),
(129, 1, 'Colonnello-PC/192.168.254.100', '2017-03-14 13:03:24', ' '),
(130, 1, 'Colonnello-PC/192.168.254.100', '2017-03-14 13:03:24', ' '),
(131, 1, 'Colonnello-PC/192.168.254.100', '2017-03-14 13:03:24', ' '),
(132, 1, 'Colonnello-PC/192.168.254.100', '2017-03-14 13:03:24', ' '),
(133, 1, 'Colonnello-PC/192.168.254.100', '2017-03-14 13:03:24', ' '),
(134, 1, 'Colonnello-PC/192.168.254.100', '2017-03-14 13:03:24', ' '),
(135, 1, 'Colonnello-PC/192.168.254.100', '2017-03-14 13:03:24', ' '),
(136, 1, 'Colonnello-PC/192.168.254.100', '2017-03-14 13:03:24', ' '),
(137, 1, 'Colonnello-PC/192.168.254.100', '2017-03-14 13:03:24', ' '),
(138, 1, 'Colonnello-PC/192.168.254.100', '2017-03-14 13:03:24', ' '),
(139, 1, 'Colonnello-PC/192.168.254.100', '2017-03-14 13:03:24', ' '),
(140, 1, 'Colonnello-PC/192.168.254.100', '2017-03-14 13:03:24', ' '),
(141, 1, 'Colonnello-PC/192.168.254.100', '2017-03-14 13:03:24', ' '),
(142, 1, 'Colonnello-PC/192.168.254.100', '2017-03-14 13:03:24', ' '),
(143, 1, 'Colonnello-PC/192.168.254.100', '2017-03-14 13:03:24', ' '),
(144, 1, 'Colonnello-PC/192.168.254.100', '2017-03-14 13:03:24', ' '),
(145, 1, 'Colonnello-PC/192.168.254.100', '2017-03-14 13:03:24', ' '),
(146, 1, 'Colonnello-PC/192.168.254.100', '2017-03-14 13:03:24', ' '),
(147, 1, 'Colonnello-PC/192.168.254.100', '2017-03-14 13:03:24', ' '),
(148, 1, 'Colonnello-PC/192.168.254.100', '2017-03-14 13:03:24', ' '),
(149, 1, 'Colonnello-PC/192.168.254.100', '2017-03-14 13:03:24', ' '),
(150, 1, 'Colonnello-PC/192.168.254.100', '2017-03-14 13:03:24', ' '),
(151, 1, 'Colonnello-PC/192.168.254.100', '2017-03-14 13:03:24', ' '),
(152, 1, 'Colonnello-PC/192.168.254.100', '2017-03-14 13:03:24', ' '),
(153, 1, 'Colonnello-PC/192.168.254.100', '2017-03-14 13:03:24', ' '),
(154, 1, 'Colonnello-PC/192.168.254.100', '2017-03-14 13:03:24', ' '),
(155, 1, 'Colonnello-PC/192.168.254.100', '2017-03-14 13:03:24', ' '),
(156, 1, 'Colonnello-PC/192.168.254.100', '2017-03-14 13:03:24', ' '),
(157, 1, 'Colonnello-PC/192.168.254.100', '2017-03-14 13:03:24', ' '),
(158, 1, 'Colonnello-PC/192.168.254.100', '2017-03-14 13:03:24', ' '),
(159, 1, 'Colonnello-PC/192.168.254.100', '2017-03-14 13:03:24', ' '),
(160, 9, 'Colonnello-PC/192.168.254.100', '2017-02-28 12:47:46', 'Available'),
(161, 1, 'Colonnello-PC/192.168.254.100', '2017-03-14 13:03:24', ' '),
(162, 1, 'Colonnello-PC/192.168.254.100', '2017-03-14 13:03:24', ' '),
(163, 1, 'Colonnello-PC/192.168.254.100', '2017-03-14 13:03:24', ' '),
(164, 1, 'Colonnello-PC/192.168.254.100', '2017-03-14 13:03:24', ' '),
(165, 1, 'Colonnello-PC/192.168.254.100', '2017-03-14 13:03:24', ' '),
(166, 1, 'Colonnello-PC/192.168.254.100', '2017-03-14 13:03:24', ' '),
(167, 1, 'Colonnello-PC/192.168.254.100', '2017-03-14 13:03:24', ' '),
(168, 1, 'Colonnello-PC/192.168.254.100', '2017-03-14 13:03:24', ' '),
(169, 1, 'Colonnello-PC/192.168.254.100', '2017-03-14 13:03:24', ' '),
(170, 1, 'Colonnello-PC/192.168.254.100', '2017-03-14 13:03:24', ' '),
(171, 1, 'Colonnello-PC/192.168.254.100', '2017-03-14 13:03:24', ' '),
(172, 1, 'Colonnello-PC/192.168.254.100', '2017-03-14 13:03:24', ' '),
(173, 1, 'Colonnello-PC/192.168.254.100', '2017-03-14 13:03:24', ' '),
(174, 1, 'Colonnello-PC/192.168.254.100', '2017-03-14 13:03:24', ' '),
(175, 1, 'Colonnello-PC/192.168.254.100', '2017-03-14 13:03:24', ' '),
(176, 1, 'Colonnello-PC/192.168.254.100', '2017-03-14 13:03:24', ' '),
(177, 1, 'Colonnello-PC/192.168.254.100', '2017-03-14 13:03:24', ' '),
(178, 1, 'Colonnello-PC/192.168.254.100', '2017-03-14 13:03:24', ' '),
(179, 1, 'Colonnello-PC/192.168.254.100', '2017-03-14 13:03:24', ' '),
(180, 1, 'Colonnello-PC/192.168.254.100', '2017-03-14 13:03:24', ' '),
(181, 1, 'Colonnello-PC/192.168.254.100', '2017-03-14 13:03:24', ' '),
(182, 1, 'Colonnello-PC/192.168.254.100', '2017-03-14 13:03:24', ' '),
(183, 1, 'Colonnello-PC/192.168.254.100', '2017-03-14 13:03:24', ' '),
(184, 1, 'Colonnello-PC/192.168.254.100', '2017-03-14 13:03:24', ' '),
(185, 1, 'Colonnello-PC/192.168.254.100', '2017-03-14 13:03:24', ' '),
(186, 1, 'Colonnello-PC/192.168.254.100', '2017-03-14 13:03:24', ' '),
(187, 1, 'Colonnello-PC/192.168.254.100', '2017-03-14 13:03:24', ' '),
(188, 1, 'Colonnello-PC/192.168.254.100', '2017-03-14 13:03:24', ' '),
(189, 1, 'Colonnello-PC/192.168.254.100', '2017-03-14 13:03:24', ' '),
(190, 1, 'Colonnello-PC/192.168.254.100', '2017-03-14 13:03:24', ' '),
(191, 1, 'Colonnello-PC/192.168.254.100', '2017-03-14 13:03:24', ' '),
(192, 1, 'Colonnello-PC/192.168.254.100', '2017-03-14 13:03:24', ' '),
(193, 1, 'Colonnello-PC/192.168.254.100', '2017-03-14 13:03:24', ' '),
(194, 1, 'Colonnello-PC/192.168.254.100', '2017-03-14 13:03:24', ' '),
(195, 1, 'Colonnello-PC/192.168.254.100', '2017-03-14 13:03:24', ' '),
(196, 1, 'Colonnello-PC/192.168.254.100', '2017-03-14 13:03:24', ' '),
(197, 1, 'Colonnello-PC/192.168.254.100', '2017-03-14 13:03:24', ' '),
(198, 1, 'Colonnello-PC/192.168.254.100', '2017-03-14 13:03:24', ' '),
(199, 1, 'Colonnello-PC/192.168.254.100', '2017-03-14 13:03:24', ' '),
(200, 1, 'Colonnello-PC/192.168.254.100', '2017-03-14 13:03:24', ' '),
(201, 1, 'Colonnello-PC/192.168.254.100', '2017-03-14 13:03:24', ' '),
(202, 1, 'Colonnello-PC/192.168.254.100', '2017-03-14 13:03:24', ' '),
(203, 1, 'Colonnello-PC/192.168.254.100', '2017-03-14 13:03:24', ' '),
(204, 1, 'Colonnello-PC/192.168.254.100', '2017-03-14 13:03:24', ' '),
(205, 1, 'Colonnello-PC/192.168.254.100', '2017-03-14 13:03:24', ' '),
(206, 1, 'Colonnello-PC/192.168.254.100', '2017-03-14 13:03:24', ' '),
(207, 1, 'Colonnello-PC/192.168.254.100', '2017-03-14 13:03:24', ' '),
(208, 1, 'Colonnello-PC/192.168.254.100', '2017-03-14 13:03:24', ' '),
(209, 1, 'Colonnello-PC/192.168.254.100', '2017-03-14 13:03:24', ' '),
(210, 1, 'Colonnello-PC/192.168.254.100', '2017-03-14 13:03:24', ' '),
(211, 1, 'Colonnello-PC/192.168.254.100', '2017-03-14 13:03:24', ' '),
(212, 1, 'Colonnello-PC/192.168.254.100', '2017-03-14 13:03:24', ' '),
(213, 1, 'Colonnello-PC/192.168.254.100', '2017-03-14 13:03:24', ' '),
(214, 1, 'Colonnello-PC/192.168.254.100', '2017-03-14 13:03:24', ' '),
(215, 1, 'Colonnello-PC/192.168.254.100', '2017-03-14 13:03:24', ' '),
(216, 1, 'Colonnello-PC/192.168.254.100', '2017-03-14 13:03:24', ' '),
(217, 1, 'Colonnello-PC/192.168.254.100', '2017-03-14 13:03:24', ' '),
(218, 1, 'Colonnello-PC/192.168.254.100', '2017-03-14 13:03:24', ' '),
(219, 1, 'Colonnello-PC/192.168.254.100', '2017-03-14 13:03:24', ' '),
(220, 1, 'Colonnello-PC/192.168.254.100', '2017-03-14 13:03:24', ' '),
(221, 1, 'Colonnello-PC/192.168.254.100', '2017-03-14 13:03:24', ' '),
(222, 1, 'Colonnello-PC/192.168.254.100', '2017-03-14 13:03:24', ' '),
(223, 1, 'Colonnello-PC/192.168.254.100', '2017-03-14 13:03:24', ' '),
(224, 1, 'Colonnello-PC/192.168.254.100', '2017-03-14 13:03:24', ' '),
(225, 1, 'Colonnello-PC/192.168.254.100', '2017-03-14 13:03:24', ' '),
(226, 1, 'Colonnello-PC/192.168.254.100', '2017-03-14 13:03:24', ' '),
(227, 1, 'Colonnello-PC/192.168.254.100', '2017-03-14 13:03:24', ' '),
(228, 1, 'Colonnello-PC/192.168.254.100', '2017-03-14 13:03:24', ' '),
(229, 1, 'Colonnello-PC/192.168.254.100', '2017-03-14 13:03:24', ' '),
(230, 1, 'Colonnello-PC/192.168.254.100', '2017-03-14 13:03:24', ' '),
(231, 1, 'Colonnello-PC/192.168.254.100', '2017-03-14 13:03:24', ' '),
(232, 1, 'Colonnello-PC/192.168.254.100', '2017-03-14 13:03:24', ' '),
(233, 1, 'Colonnello-PC/192.168.254.100', '2017-03-14 13:03:24', ' '),
(234, 1, 'Colonnello-PC/192.168.254.100', '2017-03-14 13:03:24', ' '),
(235, 1, 'Colonnello-PC/192.168.254.100', '2017-03-14 13:03:24', ' '),
(236, 1, 'Colonnello-PC/192.168.254.100', '2017-03-14 13:03:24', ' '),
(237, 1, 'Colonnello-PC/192.168.254.100', '2017-03-14 13:03:24', ' '),
(238, 1, 'Colonnello-PC/192.168.254.100', '2017-03-14 13:03:24', ' '),
(239, 1, 'Colonnello-PC/192.168.254.100', '2017-03-14 13:03:24', ' '),
(240, 1, 'Colonnello-PC/192.168.254.100', '2017-03-14 13:03:24', ' '),
(241, 1, 'Colonnello-PC/192.168.254.100', '2017-03-14 13:03:24', ' '),
(242, 1, 'Colonnello-PC/192.168.254.100', '2017-03-14 13:03:24', ' '),
(243, 1, 'Colonnello-PC/192.168.254.100', '2017-03-14 13:03:24', ' '),
(244, 1, 'Colonnello-PC/192.168.254.100', '2017-03-14 13:03:24', ' '),
(245, 1, 'Colonnello-PC/192.168.254.100', '2017-03-14 13:03:24', ' '),
(246, 1, 'Colonnello-PC/192.168.254.100', '2017-03-14 13:03:24', ' '),
(247, 1, 'Colonnello-PC/192.168.254.100', '2017-03-14 13:03:24', ' '),
(248, 1, 'Colonnello-PC/192.168.254.100', '2017-03-14 13:03:24', ' '),
(249, 24, 'Colonnello-PC/192.168.254.100', '2017-02-28 17:54:18', ' '),
(250, 1, 'Colonnello-PC/192.168.254.100', '2017-03-14 13:03:24', ' '),
(251, 1, 'Colonnello-PC/192.168.254.100', '2017-03-14 13:03:24', ' '),
(252, 1, 'Colonnello-PC/192.168.254.100', '2017-03-14 13:03:24', ' '),
(253, 1, 'Colonnello-PC/192.168.254.100', '2017-03-14 13:03:24', ' '),
(254, 1, 'Colonnello-PC/192.168.254.100', '2017-03-14 13:03:24', ' '),
(255, 1, 'Colonnello-PC/192.168.254.100', '2017-03-14 13:03:24', ' '),
(256, 1, 'Colonnello-PC/192.168.254.100', '2017-03-14 13:03:24', ' '),
(257, 1, 'Colonnello-PC/192.168.254.100', '2017-03-14 13:03:24', ' '),
(258, 1, 'Colonnello-PC/192.168.254.100', '2017-03-14 13:03:24', ' '),
(259, 1, 'Colonnello-PC/192.168.254.100', '2017-03-14 13:03:24', ' '),
(260, 1, 'Colonnello-PC/192.168.254.100', '2017-03-14 13:03:24', ' '),
(261, 1, 'Colonnello-PC/192.168.254.100', '2017-03-14 13:03:24', ' '),
(262, 1, 'Colonnello-PC/192.168.254.100', '2017-03-14 13:03:24', ' '),
(263, 1, 'Colonnello-PC/192.168.254.100', '2017-03-14 13:03:24', ' '),
(264, 1, 'Colonnello-PC/192.168.254.100', '2017-03-14 13:03:24', ' '),
(265, 1, 'Colonnello-PC/192.168.254.100', '2017-03-14 13:03:24', ' '),
(266, 1, 'Colonnello-PC/192.168.254.100', '2017-03-14 13:03:24', ' '),
(267, 1, 'Colonnello-PC/192.168.254.100', '2017-03-14 13:03:24', ' '),
(268, 1, 'Colonnello-PC/192.168.254.100', '2017-03-14 13:03:24', ' '),
(269, 1, 'Colonnello-PC/192.168.254.100', '2017-03-14 13:03:24', ' '),
(270, 1, 'Colonnello-PC/192.168.254.100', '2017-03-14 13:03:24', ' '),
(271, 1, 'Colonnello-PC/192.168.254.100', '2017-03-14 13:03:24', ' '),
(272, 1, 'Colonnello-PC/192.168.254.100', '2017-03-14 13:03:24', ' '),
(273, 1, 'Colonnello-PC/192.168.254.100', '2017-03-14 13:03:24', ' '),
(274, 1, 'Colonnello-PC/192.168.254.100', '2017-03-14 13:03:24', ' '),
(275, 1, 'Colonnello-PC/192.168.254.100', '2017-03-14 13:03:24', ' '),
(276, 1, 'Colonnello-PC/192.168.254.100', '2017-03-14 13:03:24', ' '),
(277, 1, 'Colonnello-PC/192.168.254.100', '2017-03-14 13:03:24', ' '),
(278, 1, 'Colonnello-PC/192.168.254.100', '2017-03-14 13:03:24', ' '),
(279, 1, 'Colonnello-PC/192.168.254.100', '2017-03-14 13:03:24', ' '),
(280, 1, 'Colonnello-PC/192.168.254.100', '2017-03-14 13:03:24', ' '),
(281, 1, 'Colonnello-PC/192.168.254.100', '2017-03-14 13:03:24', ' '),
(282, 1, 'Colonnello-PC/192.168.254.100', '2017-03-14 13:03:24', ' '),
(283, 1, 'Colonnello-PC/192.168.254.100', '2017-03-14 13:03:24', ' '),
(284, 1, 'Colonnello-PC/192.168.254.100', '2017-03-14 13:03:24', ' '),
(285, 1, 'Colonnello-PC/192.168.254.100', '2017-03-14 13:03:24', ' '),
(286, 1, 'Colonnello-PC/192.168.254.100', '2017-03-14 13:03:24', ' '),
(287, 1, 'Colonnello-PC/192.168.254.100', '2017-03-14 13:03:24', ' '),
(288, 1, 'Colonnello-PC/192.168.254.100', '2017-03-14 13:03:24', ' '),
(289, 1, 'Colonnello-PC/192.168.254.100', '2017-03-14 13:03:24', ' '),
(290, 1, 'Colonnello-PC/192.168.254.100', '2017-03-14 13:03:24', ' '),
(291, 1, 'Colonnello-PC/192.168.254.100', '2017-03-14 13:03:24', ' '),
(292, 1, 'Colonnello-PC/192.168.254.100', '2017-03-14 13:03:24', ' '),
(293, 25, 'Colonnello-PC/192.168.254.102', '2017-03-01 10:41:25', ' '),
(294, 1, 'Colonnello-PC/192.168.254.100', '2017-03-14 13:03:24', ' '),
(295, 1, 'Colonnello-PC/192.168.254.100', '2017-03-14 13:03:24', ' '),
(296, 1, 'Colonnello-PC/192.168.254.100', '2017-03-14 13:03:24', ' '),
(297, 1, 'Colonnello-PC/192.168.254.100', '2017-03-14 13:03:24', ' '),
(298, 1, 'Colonnello-PC/192.168.254.100', '2017-03-14 13:03:24', ' '),
(299, 1, 'Colonnello-PC/192.168.254.100', '2017-03-14 13:03:24', ' '),
(300, 1, 'Colonnello-PC/192.168.254.100', '2017-03-14 13:03:24', ' '),
(301, 1, 'Colonnello-PC/192.168.254.100', '2017-03-14 13:03:24', ' '),
(302, 1, 'Colonnello-PC/192.168.254.100', '2017-03-14 13:03:24', ' '),
(303, 26, 'Colonnello-PC/192.168.254.102', '2017-03-01 10:53:35', 'Available'),
(304, 1, 'Colonnello-PC/192.168.254.100', '2017-03-14 13:03:24', ' '),
(305, 1, 'Colonnello-PC/192.168.254.100', '2017-03-14 13:03:24', ' '),
(306, 1, 'Colonnello-PC/192.168.254.100', '2017-03-14 13:03:24', ' '),
(307, 1, 'Colonnello-PC/192.168.254.100', '2017-03-14 13:03:24', ' '),
(308, 1, 'Colonnello-PC/192.168.254.100', '2017-03-14 13:03:24', ' '),
(309, 1, 'Colonnello-PC/192.168.254.100', '2017-03-14 13:03:24', ' '),
(310, 1, 'Colonnello-PC/192.168.254.100', '2017-03-14 13:03:24', ' '),
(311, 1, 'Colonnello-PC/192.168.254.100', '2017-03-14 13:03:24', ' '),
(312, 1, 'Colonnello-PC/192.168.254.100', '2017-03-14 13:03:24', ' '),
(313, 1, 'Colonnello-PC/192.168.254.100', '2017-03-14 13:03:24', ' '),
(314, 1, 'Colonnello-PC/192.168.254.100', '2017-03-14 13:03:24', ' '),
(315, 1, 'Colonnello-PC/192.168.254.100', '2017-03-14 13:03:24', ' '),
(316, 1, 'Colonnello-PC/192.168.254.100', '2017-03-14 13:03:24', ' '),
(317, 1, 'Colonnello-PC/192.168.254.100', '2017-03-14 13:03:24', ' '),
(318, 1, 'Colonnello-PC/192.168.254.100', '2017-03-14 13:03:24', ' '),
(319, 1, 'Colonnello-PC/192.168.254.100', '2017-03-14 13:03:24', ' '),
(320, 1, 'Colonnello-PC/192.168.254.100', '2017-03-14 13:03:24', ' '),
(321, 1, 'Colonnello-PC/192.168.254.100', '2017-03-14 13:03:24', ' '),
(322, 1, 'Colonnello-PC/192.168.254.100', '2017-03-14 13:03:24', ' '),
(323, 1, 'Colonnello-PC/192.168.254.100', '2017-03-14 13:03:24', ' '),
(324, 1, 'Colonnello-PC/192.168.254.100', '2017-03-14 13:03:24', ' '),
(325, 1, 'Colonnello-PC/192.168.254.100', '2017-03-14 13:03:24', ' '),
(326, 1, 'Colonnello-PC/192.168.254.100', '2017-03-14 13:03:24', ' '),
(327, 1, 'Colonnello-PC/192.168.254.100', '2017-03-14 13:03:24', ' '),
(328, 1, 'Colonnello-PC/192.168.254.100', '2017-03-14 13:03:24', ' '),
(329, 1, 'Colonnello-PC/192.168.254.100', '2017-03-14 13:03:24', ' '),
(330, 1, 'Colonnello-PC/192.168.254.100', '2017-03-14 13:03:24', ' '),
(331, 1, 'Colonnello-PC/192.168.254.100', '2017-03-14 13:03:24', ' '),
(332, 1, 'Colonnello-PC/192.168.254.100', '2017-03-14 13:03:24', ' '),
(333, 1, 'Colonnello-PC/192.168.254.100', '2017-03-14 13:03:24', ' '),
(334, 1, 'Colonnello-PC/192.168.254.100', '2017-03-14 13:03:24', ' '),
(335, 1, 'Colonnello-PC/192.168.254.100', '2017-03-14 13:03:24', ' '),
(336, 1, 'Colonnello-PC/192.168.254.100', '2017-03-14 13:03:24', ' '),
(337, 1, 'Colonnello-PC/192.168.254.100', '2017-03-14 13:03:24', ' '),
(338, 1, 'Colonnello-PC/192.168.254.100', '2017-03-14 13:03:24', ' '),
(339, 1, 'Colonnello-PC/192.168.254.100', '2017-03-14 13:03:24', ' '),
(340, 1, 'Colonnello-PC/192.168.254.100', '2017-03-14 13:03:24', ' '),
(341, 1, 'Colonnello-PC/192.168.254.100', '2017-03-14 13:03:24', ' '),
(342, 1, 'Colonnello-PC/192.168.254.100', '2017-03-14 13:03:24', ' '),
(343, 1, 'Colonnello-PC/192.168.254.100', '2017-03-14 13:03:24', ' '),
(344, 1, 'Colonnello-PC/192.168.254.100', '2017-03-14 13:03:24', ' '),
(345, 1, 'Colonnello-PC/192.168.254.100', '2017-03-14 13:03:24', ' '),
(346, 1, 'Colonnello-PC/192.168.254.100', '2017-03-14 13:03:24', ' '),
(347, 1, 'Colonnello-PC/192.168.254.100', '2017-03-14 13:03:24', ' '),
(348, 29, 'Colonnello-PC/192.168.254.102', '2017-03-02 21:36:06', ' '),
(349, 1, 'Colonnello-PC/192.168.254.100', '2017-03-14 13:03:24', ' '),
(350, 29, 'Colonnello-PC/192.168.254.102', '2017-03-02 21:36:06', ' '),
(351, 1, 'Colonnello-PC/192.168.254.100', '2017-03-14 13:03:24', ' '),
(352, 1, 'Colonnello-PC/192.168.254.100', '2017-03-14 13:03:24', ' '),
(353, 29, 'Colonnello-PC/192.168.254.102', '2017-03-02 21:36:06', ' '),
(354, 29, 'Colonnello-PC/192.168.254.102', '2017-03-02 21:36:06', ' '),
(355, 1, 'Colonnello-PC/192.168.254.100', '2017-03-14 13:03:24', ' '),
(356, 1, 'Colonnello-PC/192.168.254.100', '2017-03-14 13:03:24', ' '),
(357, 1, 'Colonnello-PC/192.168.254.100', '2017-03-14 13:03:24', ' '),
(358, 1, 'Colonnello-PC/192.168.254.100', '2017-03-14 13:03:24', ' '),
(359, 1, 'Colonnello-PC/192.168.254.100', '2017-03-14 13:03:24', ' '),
(360, 29, 'Colonnello-PC/192.168.254.102', '2017-03-02 21:36:06', ' '),
(361, 1, 'Colonnello-PC/192.168.254.100', '2017-03-14 13:03:24', ' '),
(362, 29, 'Colonnello-PC/192.168.254.102', '2017-03-02 21:36:06', ' '),
(363, 1, 'Colonnello-PC/192.168.254.100', '2017-03-14 13:03:24', ' '),
(364, 1, 'Colonnello-PC/192.168.254.100', '2017-03-14 13:03:24', ' '),
(365, 29, 'Colonnello-PC/192.168.254.102', '2017-03-02 21:36:06', ' '),
(366, 1, 'Colonnello-PC/192.168.254.100', '2017-03-14 13:03:24', ' '),
(367, 1, 'Colonnello-PC/192.168.254.100', '2017-03-14 13:03:24', ' '),
(368, 29, 'Colonnello-PC/192.168.254.102', '2017-03-02 21:36:06', ' '),
(369, 1, 'Colonnello-PC/192.168.254.100', '2017-03-14 13:03:24', ' '),
(370, 29, 'Colonnello-PC/192.168.254.102', '2017-03-02 21:36:06', ' '),
(371, 1, 'Colonnello-PC/192.168.254.100', '2017-03-14 13:03:24', ' '),
(372, 1, 'Colonnello-PC/192.168.254.100', '2017-03-14 13:03:24', ' '),
(373, 1, 'Colonnello-PC/192.168.254.100', '2017-03-14 13:03:24', ' '),
(374, 1, 'Colonnello-PC/192.168.254.100', '2017-03-14 13:03:24', ' '),
(375, 1, 'Colonnello-PC/192.168.254.100', '2017-03-14 13:03:24', ' '),
(376, 1, 'Colonnello-PC/192.168.254.100', '2017-03-14 13:03:24', ' '),
(377, 1, 'Colonnello-PC/192.168.254.100', '2017-03-14 13:03:24', ' '),
(378, 1, 'Colonnello-PC/192.168.254.100', '2017-03-14 13:03:24', ' '),
(379, 1, 'Colonnello-PC/192.168.254.100', '2017-03-14 13:03:24', ' '),
(380, 1, 'Colonnello-PC/192.168.254.100', '2017-03-14 13:03:24', ' '),
(381, 1, 'Colonnello-PC/192.168.254.100', '2017-03-14 13:03:24', ' '),
(382, 1, 'Colonnello-PC/192.168.254.100', '2017-03-14 13:03:24', ' '),
(383, 1, 'Colonnello-PC/192.168.254.100', '2017-03-14 13:03:24', ' '),
(384, 1, 'Colonnello-PC/192.168.254.100', '2017-03-14 13:03:24', ' '),
(385, 29, 'Colonnello-PC/192.168.254.102', '2017-03-02 21:36:06', ' '),
(386, 1, 'Colonnello-PC/192.168.254.100', '2017-03-14 13:03:24', ' '),
(387, 1, 'Colonnello-PC/192.168.254.100', '2017-03-14 13:03:24', ' '),
(388, 1, 'Colonnello-PC/192.168.254.100', '2017-03-14 13:03:24', ' '),
(389, 1, 'Colonnello-PC/192.168.254.100', '2017-03-14 13:03:24', ' '),
(390, 29, 'Colonnello-PC/192.168.254.102', '2017-03-02 21:36:06', ' '),
(391, 29, 'Colonnello-PC/192.168.254.102', '2017-03-02 21:36:06', ' '),
(392, 29, 'Colonnello-PC/192.168.254.102', '2017-03-02 21:36:06', ' '),
(393, 1, 'Colonnello-PC/192.168.254.100', '2017-03-14 13:03:24', ' '),
(394, 29, 'Colonnello-PC/192.168.254.102', '2017-03-02 21:36:06', ' '),
(395, 1, 'Colonnello-PC/192.168.254.100', '2017-03-14 13:03:24', ' '),
(396, 29, 'Colonnello-PC/192.168.254.102', '2017-03-02 21:36:06', ' '),
(397, 1, 'Colonnello-PC/192.168.254.100', '2017-03-14 13:03:24', ' '),
(398, 29, 'Colonnello-PC/192.168.254.102', '2017-03-02 21:36:06', ' '),
(399, 1, 'Colonnello-PC/192.168.254.100', '2017-03-14 13:03:24', ' '),
(400, 1, 'Colonnello-PC/192.168.254.100', '2017-03-14 13:03:24', ' '),
(401, 29, 'Colonnello-PC/192.168.254.102', '2017-03-02 21:36:06', ' '),
(402, 1, 'Colonnello-PC/192.168.254.100', '2017-03-14 13:03:24', ' '),
(403, 1, 'Colonnello-PC/192.168.254.100', '2017-03-14 13:03:24', ' '),
(404, 1, 'Colonnello-PC/192.168.254.100', '2017-03-14 13:03:24', ' '),
(405, 29, 'Colonnello-PC/192.168.254.102', '2017-03-02 21:36:06', ' '),
(406, 1, 'Colonnello-PC/192.168.254.100', '2017-03-14 13:03:24', ' '),
(407, 29, 'Colonnello-PC/192.168.254.102', '2017-03-02 21:36:06', ' '),
(408, 1, 'Colonnello-PC/192.168.254.100', '2017-03-14 13:03:24', ' '),
(409, 1, 'Colonnello-PC/192.168.254.100', '2017-03-14 13:03:24', ' '),
(410, 1, 'Colonnello-PC/192.168.254.100', '2017-03-14 13:03:24', ' '),
(411, 29, 'Colonnello-PC/192.168.254.102', '2017-03-02 21:36:06', ' '),
(412, 1, 'Colonnello-PC/192.168.254.100', '2017-03-14 13:03:24', ' '),
(413, 29, 'Colonnello-PC/192.168.254.102', '2017-03-02 21:36:06', ' '),
(414, 1, 'Colonnello-PC/192.168.254.100', '2017-03-14 13:03:24', ' '),
(415, 1, 'Colonnello-PC/192.168.254.100', '2017-03-14 13:03:24', ' '),
(416, 29, 'Colonnello-PC/192.168.254.102', '2017-03-02 21:36:06', ' '),
(417, 1, 'Colonnello-PC/192.168.254.100', '2017-03-14 13:03:24', ' '),
(418, 1, 'Colonnello-PC/192.168.254.100', '2017-03-14 13:03:24', ' '),
(419, 1, 'Colonnello-PC/192.168.254.100', '2017-03-14 13:03:24', ' '),
(420, 1, 'Colonnello-PC/192.168.254.100', '2017-03-14 13:03:24', ' '),
(421, 1, 'Colonnello-PC/192.168.254.100', '2017-03-14 13:03:24', ' '),
(422, 1, 'Colonnello-PC/192.168.254.100', '2017-03-14 13:03:24', ' '),
(423, 1, 'Colonnello-PC/192.168.254.100', '2017-03-14 13:03:24', ' '),
(424, 1, 'Colonnello-PC/192.168.254.100', '2017-03-14 13:03:24', ' '),
(425, 1, 'Colonnello-PC/192.168.254.100', '2017-03-14 13:03:24', ' '),
(426, 1, 'Colonnello-PC/192.168.254.100', '2017-03-14 13:03:24', ' '),
(427, 29, 'Colonnello-PC/192.168.254.102', '2017-03-02 21:36:06', ' '),
(428, 1, 'Colonnello-PC/192.168.254.100', '2017-03-14 13:03:24', ' '),
(429, 29, 'Colonnello-PC/192.168.254.102', '2017-03-02 21:36:06', ' '),
(430, 1, 'Colonnello-PC/192.168.254.100', '2017-03-14 13:03:24', ' '),
(431, 1, 'Colonnello-PC/192.168.254.100', '2017-03-14 13:03:24', ' '),
(432, 1, 'Colonnello-PC/192.168.254.100', '2017-03-14 13:03:24', ' '),
(433, 29, 'Colonnello-PC/192.168.254.102', '2017-03-02 21:36:06', ' '),
(434, 1, 'Colonnello-PC/192.168.254.100', '2017-03-14 13:03:24', ' '),
(435, 29, 'Colonnello-PC/192.168.254.102', '2017-03-02 21:36:06', ' '),
(436, 29, 'Colonnello-PC/192.168.254.102', '2017-03-02 21:36:06', ' '),
(437, 1, 'Colonnello-PC/192.168.254.100', '2017-03-14 13:03:24', ' '),
(438, 29, 'Colonnello-PC/192.168.254.102', '2017-03-02 21:36:06', ' '),
(439, 29, 'Colonnello-PC/192.168.254.102', '2017-03-02 21:36:06', ' '),
(440, 1, 'Colonnello-PC/192.168.254.100', '2017-03-14 13:03:24', ' '),
(441, 29, 'Colonnello-PC/192.168.254.102', '2017-03-02 21:36:06', ' '),
(442, 1, 'Colonnello-PC/192.168.254.100', '2017-03-14 13:03:24', ' '),
(443, 1, 'Colonnello-PC/192.168.254.100', '2017-03-14 13:03:24', ' '),
(444, 29, 'Colonnello-PC/192.168.254.102', '2017-03-02 21:36:06', ' '),
(445, 1, 'Colonnello-PC/192.168.254.100', '2017-03-14 13:03:24', ' '),
(446, 29, 'Colonnello-PC/192.168.254.102', '2017-03-02 21:36:06', ' '),
(447, 1, 'Colonnello-PC/192.168.254.100', '2017-03-14 13:03:24', ' '),
(448, 1, 'Colonnello-PC/192.168.254.100', '2017-03-14 13:03:24', ' '),
(449, 29, 'Colonnello-PC/192.168.254.102', '2017-03-02 21:36:06', ' '),
(450, 29, 'Colonnello-PC/192.168.254.102', '2017-03-02 21:36:06', ' '),
(451, 29, 'Colonnello-PC/192.168.254.102', '2017-03-02 21:36:06', ' '),
(452, 1, 'Colonnello-PC/192.168.254.100', '2017-03-14 13:03:24', ' '),
(453, 29, 'Colonnello-PC/192.168.254.102', '2017-03-02 21:36:06', ' '),
(454, 29, 'Colonnello-PC/192.168.254.102', '2017-03-02 21:36:06', ' '),
(455, 1, 'Colonnello-PC/192.168.254.100', '2017-03-14 13:03:24', ' '),
(456, 29, 'Colonnello-PC/192.168.254.102', '2017-03-02 21:36:06', ' '),
(457, 29, 'Colonnello-PC/192.168.254.102', '2017-03-02 21:36:06', ' '),
(458, 29, 'Colonnello-PC/192.168.254.102', '2017-03-02 21:36:06', ' '),
(459, 1, 'Colonnello-PC/192.168.254.100', '2017-03-14 13:03:24', ' '),
(460, 29, 'Colonnello-PC/192.168.254.102', '2017-03-02 21:36:06', ' '),
(461, 29, 'Colonnello-PC/192.168.254.102', '2017-03-02 21:36:06', ' '),
(462, 1, 'Colonnello-PC/192.168.254.100', '2017-03-14 13:03:24', ' '),
(463, 29, 'Colonnello-PC/192.168.254.102', '2017-03-02 21:36:06', ' '),
(464, 29, 'Colonnello-PC/192.168.254.102', '2017-03-02 21:36:06', ' '),
(465, 29, 'Colonnello-PC/192.168.254.102', '2017-03-02 21:36:06', ' '),
(466, 29, 'Colonnello-PC/192.168.254.102', '2017-03-02 21:36:06', ' '),
(467, 29, 'Colonnello-PC/192.168.254.102', '2017-03-02 21:36:06', ' '),
(468, 29, 'Colonnello-PC/192.168.254.102', '2017-03-02 21:36:06', ' '),
(469, 1, 'Colonnello-PC/192.168.254.100', '2017-03-14 13:03:24', ' '),
(470, 29, 'Colonnello-PC/192.168.254.102', '2017-03-02 21:36:06', ' '),
(471, 1, 'Colonnello-PC/192.168.254.100', '2017-03-14 13:03:24', ' '),
(472, 1, 'Colonnello-PC/192.168.254.100', '2017-03-14 13:03:24', ' '),
(473, 1, 'Colonnello-PC/192.168.254.100', '2017-03-14 13:03:24', ' '),
(474, 29, 'Colonnello-PC/192.168.254.102', '2017-03-02 21:36:06', ' '),
(475, 1, 'Colonnello-PC/192.168.254.100', '2017-03-14 13:03:24', ' '),
(476, 1, 'Colonnello-PC/192.168.254.100', '2017-03-14 13:03:24', ' '),
(477, 29, 'Colonnello-PC/192.168.254.102', '2017-03-02 21:36:06', ' '),
(478, 1, 'Colonnello-PC/192.168.254.100', '2017-03-14 13:03:24', ' '),
(479, 1, 'Colonnello-PC/192.168.254.100', '2017-03-14 13:03:24', ' '),
(480, 1, 'Colonnello-PC/192.168.254.100', '2017-03-14 13:03:24', ' '),
(481, 1, 'Colonnello-PC/192.168.254.100', '2017-03-14 13:03:24', ' '),
(482, 29, 'Colonnello-PC/192.168.254.102', '2017-03-02 21:36:06', ' '),
(483, 1, 'Colonnello-PC/192.168.254.100', '2017-03-14 13:03:24', ' '),
(484, 29, 'Colonnello-PC/192.168.254.102', '2017-03-02 21:36:06', ' '),
(485, 1, 'Colonnello-PC/192.168.254.100', '2017-03-14 13:03:24', ' '),
(486, 1, 'Colonnello-PC/192.168.254.100', '2017-03-14 13:03:24', ' '),
(487, 29, 'Colonnello-PC/192.168.254.102', '2017-03-02 21:36:06', ' '),
(488, 29, 'Colonnello-PC/192.168.254.102', '2017-03-02 21:36:06', ' '),
(489, 1, 'Colonnello-PC/192.168.254.100', '2017-03-14 13:03:24', ' '),
(490, 1, 'Colonnello-PC/192.168.254.100', '2017-03-14 13:03:24', ' '),
(491, 1, 'Colonnello-PC/192.168.254.100', '2017-03-14 13:03:24', ' '),
(492, 1, 'Colonnello-PC/192.168.254.100', '2017-03-14 13:03:24', ' '),
(493, 1, 'Colonnello-PC/192.168.254.100', '2017-03-14 13:03:24', ' '),
(494, 1, 'Colonnello-PC/192.168.254.100', '2017-03-14 13:03:24', ' '),
(495, 29, 'Colonnello-PC/192.168.254.102', '2017-03-02 21:36:06', ' '),
(496, 29, 'Colonnello-PC/192.168.254.102', '2017-03-02 21:36:06', ' '),
(497, 29, 'Colonnello-PC/192.168.254.102', '2017-03-02 21:36:06', ' '),
(498, 1, 'Colonnello-PC/192.168.254.100', '2017-03-14 13:03:24', ' '),
(499, 29, 'Colonnello-PC/192.168.254.102', '2017-03-02 21:36:06', ' '),
(500, 29, 'Colonnello-PC/192.168.254.102', '2017-03-02 21:36:06', ' '),
(501, 1, 'Colonnello-PC/192.168.254.100', '2017-03-14 13:03:24', ' '),
(502, 30, 'Colonnello-PC/192.168.254.102', '2017-03-02 22:51:13', ' '),
(503, 29, 'Colonnello-PC/192.168.254.102', '2017-03-02 21:36:06', ' '),
(504, 1, 'Colonnello-PC/192.168.254.100', '2017-03-14 13:03:24', ' '),
(505, 29, 'Colonnello-PC/192.168.254.102', '2017-03-02 21:36:06', ' '),
(506, 29, 'Colonnello-PC/192.168.254.102', '2017-03-02 21:36:06', ' '),
(507, 29, 'Colonnello-PC/192.168.254.102', '2017-03-02 21:36:06', ' '),
(508, 29, 'Colonnello-PC/192.168.254.102', '2017-03-02 21:36:06', ' '),
(509, 29, 'Colonnello-PC/192.168.254.102', '2017-03-02 21:36:06', ' '),
(510, 30, 'Colonnello-PC/192.168.254.102', '2017-03-02 22:51:13', ' '),
(511, 29, 'Colonnello-PC/192.168.254.102', '2017-03-02 21:36:06', ' '),
(512, 29, 'Colonnello-PC/192.168.254.102', '2017-03-02 21:36:06', ' '),
(513, 30, 'Colonnello-PC/192.168.254.102', '2017-03-02 22:51:13', ' '),
(514, 29, 'Colonnello-PC/192.168.254.102', '2017-03-02 21:36:06', ' '),
(515, 29, 'Colonnello-PC/192.168.254.102', '2017-03-02 21:36:06', ' '),
(516, 29, 'Colonnello-PC/192.168.254.102', '2017-03-02 21:36:06', ' '),
(517, 30, 'Colonnello-PC/192.168.254.102', '2017-03-02 22:51:13', ' '),
(518, 29, 'Colonnello-PC/192.168.254.102', '2017-03-02 21:36:06', ' '),
(519, 1, 'Colonnello-PC/192.168.254.100', '2017-03-14 13:03:24', ' '),
(520, 29, 'Colonnello-PC/192.168.254.102', '2017-03-02 21:36:06', ' '),
(521, 1, 'Colonnello-PC/192.168.254.100', '2017-03-14 13:03:24', ' '),
(522, 1, 'Colonnello-PC/192.168.254.100', '2017-03-14 13:03:24', ' '),
(523, 1, 'Colonnello-PC/192.168.254.100', '2017-03-14 13:03:24', ' '),
(524, 1, 'Colonnello-PC/192.168.254.100', '2017-03-14 13:03:24', ' '),
(525, 1, 'Colonnello-PC/192.168.254.100', '2017-03-14 13:03:24', ' '),
(526, 1, 'Colonnello-PC/192.168.254.100', '2017-03-14 13:03:24', ' '),
(527, 1, 'Colonnello-PC/192.168.254.100', '2017-03-14 13:03:24', ' '),
(528, 29, 'Colonnello-PC/192.168.254.102', '2017-03-02 21:36:06', ' '),
(529, 1, 'Colonnello-PC/192.168.254.100', '2017-03-14 13:03:24', ' '),
(530, 1, 'Colonnello-PC/192.168.254.100', '2017-03-14 13:03:24', ' '),
(531, 1, 'Colonnello-PC/192.168.254.100', '2017-03-14 13:03:24', ' '),
(532, 1, 'Colonnello-PC/192.168.254.100', '2017-03-14 13:03:24', ' '),
(533, 1, 'Colonnello-PC/192.168.254.100', '2017-03-14 13:03:24', ' '),
(534, 1, 'Colonnello-PC/192.168.254.100', '2017-03-14 13:03:24', ' '),
(535, 1, 'Colonnello-PC/192.168.254.100', '2017-03-14 13:03:24', ' '),
(536, 1, 'Colonnello-PC/192.168.254.100', '2017-03-14 13:03:24', ' '),
(537, 1, 'Colonnello-PC/192.168.254.100', '2017-03-14 13:03:24', ' '),
(538, 1, 'Colonnello-PC/192.168.254.100', '2017-03-14 13:03:24', ' '),
(539, 1, 'Colonnello-PC/192.168.254.100', '2017-03-14 13:03:24', ' '),
(540, 1, 'Colonnello-PC/192.168.254.100', '2017-03-14 13:03:24', ' '),
(541, 1, 'Colonnello-PC/192.168.254.100', '2017-03-14 13:03:24', ' '),
(542, 1, 'Colonnello-PC/192.168.254.100', '2017-03-14 13:03:24', ' '),
(543, 1, 'Colonnello-PC/192.168.254.100', '2017-03-14 13:03:24', ' '),
(544, 1, 'Colonnello-PC/192.168.254.100', '2017-03-14 13:03:24', ' '),
(545, 1, 'Colonnello-PC/192.168.254.100', '2017-03-14 13:03:24', ' '),
(546, 1, 'Colonnello-PC/192.168.254.100', '2017-03-14 13:03:24', ' '),
(547, 1, 'Colonnello-PC/192.168.254.100', '2017-03-14 13:03:24', ' '),
(548, 1, 'Colonnello-PC/192.168.254.100', '2017-03-14 13:03:24', ' '),
(549, 29, 'Colonnello-PC/192.168.254.102', '2017-03-02 22:41:40', 'Available'),
(550, 29, 'Colonnello-PC/192.168.254.102', '2017-03-02 22:44:00', 'Available'),
(551, 29, 'Colonnello-PC/192.168.254.102', '2017-03-02 22:45:11', 'Available'),
(552, 29, 'Colonnello-PC/192.168.254.102', '2017-03-02 22:48:42', 'Available'),
(553, 1, 'Colonnello-PC/192.168.254.100', '2017-03-14 13:03:24', ' '),
(554, 30, 'Colonnello-PC/192.168.254.102', '2017-03-02 22:51:13', ' '),
(555, 29, 'Colonnello-PC/192.168.254.102', '2017-03-02 22:51:23', 'Available'),
(556, 1, 'Colonnello-PC/192.168.254.100', '2017-03-14 13:03:24', ' '),
(557, 1, 'Colonnello-PC/192.168.254.100', '2017-03-14 13:03:24', ' '),
(558, 1, 'Colonnello-PC/192.168.254.100', '2017-03-14 13:03:24', ' '),
(559, 1, 'Colonnello-PC/192.168.254.100', '2017-03-14 13:03:24', ' '),
(560, 1, 'Colonnello-PC/192.168.254.100', '2017-03-14 13:03:24', ' '),
(561, 1, 'Colonnello-PC/192.168.254.100', '2017-03-14 13:03:24', ' '),
(562, 31, 'Colonnello-PC/192.168.254.100', '2017-03-22 10:01:40', ' '),
(563, 1, 'Colonnello-PC/192.168.254.100', '2017-03-14 13:03:24', ' '),
(564, 1, 'Colonnello-PC/192.168.254.100', '2017-03-14 13:03:24', ' '),
(565, 1, 'Colonnello-PC/192.168.254.100', '2017-03-14 13:03:24', ' '),
(566, 1, 'Colonnello-PC/192.168.254.100', '2017-03-14 13:03:24', ' '),
(567, 1, 'Colonnello-PC/192.168.254.100', '2017-03-14 13:03:24', ' '),
(568, 1, 'Colonnello-PC/192.168.254.100', '2017-03-14 13:03:24', ' '),
(569, 1, 'Colonnello-PC/192.168.254.100', '2017-03-14 13:03:24', ' '),
(570, 31, 'Colonnello-PC/192.168.254.100', '2017-03-22 10:01:40', ' '),
(571, 1, 'Colonnello-PC/192.168.254.100', '2017-03-14 13:03:24', ' '),
(572, 31, 'Colonnello-PC/192.168.254.100', '2017-03-22 10:01:40', ' '),
(573, 1, 'Colonnello-PC/192.168.254.100', '2017-03-14 13:03:24', ' '),
(574, 1, 'Colonnello-PC/192.168.254.100', '2017-03-14 13:03:24', ' '),
(575, 31, 'Colonnello-PC/192.168.254.100', '2017-03-22 10:01:40', ' '),
(576, 1, 'Colonnello-PC/192.168.254.100', '2017-03-14 13:03:24', ' '),
(577, 1, 'Colonnello-PC/192.168.254.100', '2017-03-14 13:03:24', ' '),
(578, 1, 'Colonnello-PC/192.168.254.100', '2017-03-14 13:03:24', ' '),
(579, 31, 'Colonnello-PC/192.168.254.100', '2017-03-22 10:01:40', ' '),
(580, 1, 'Colonnello-PC/192.168.254.100', '2017-03-14 13:03:24', ' '),
(581, 31, 'Colonnello-PC/192.168.254.100', '2017-03-22 10:01:40', ' '),
(582, 1, 'Colonnello-PC/192.168.254.100', '2017-03-14 13:03:24', ' '),
(583, 1, 'Colonnello-PC/192.168.254.100', '2017-03-14 13:03:24', ' '),
(584, 1, 'Colonnello-PC/192.168.254.100', '2017-03-14 13:03:24', ' '),
(585, 31, 'Colonnello-PC/192.168.254.100', '2017-03-22 10:01:40', ' '),
(586, 1, 'Colonnello-PC/192.168.254.100', '2017-03-14 13:03:24', ' '),
(587, 31, 'Colonnello-PC/192.168.254.100', '2017-03-22 10:01:40', ' '),
(588, 31, 'Colonnello-PC/192.168.254.100', '2017-03-22 10:01:40', ' '),
(589, 1, 'Colonnello-PC/192.168.254.100', '2017-03-14 13:03:24', ' '),
(590, 31, 'Colonnello-PC/192.168.254.100', '2017-03-22 10:01:40', ' '),
(591, 31, 'Colonnello-PC/192.168.254.100', '2017-03-22 10:01:40', ' '),
(592, 31, 'Colonnello-PC/192.168.254.100', '2017-03-22 10:01:40', ' '),
(593, 31, 'Colonnello-PC/192.168.254.100', '2017-03-22 10:01:40', ' '),
(594, 31, 'Colonnello-PC/192.168.254.100', '2017-03-22 10:01:40', ' '),
(595, 31, 'Colonnello-PC/192.168.254.100', '2017-03-22 10:01:40', ' '),
(596, 31, 'Colonnello-PC/192.168.254.100', '2017-03-22 10:01:40', ' '),
(597, 1, 'Colonnello-PC/192.168.254.100', '2017-03-14 13:03:24', ' '),
(598, 31, 'Colonnello-PC/192.168.254.100', '2017-03-22 10:01:40', ' '),
(599, 31, 'Colonnello-PC/192.168.254.100', '2017-03-22 10:01:40', ' '),
(600, 31, 'Colonnello-PC/192.168.254.100', '2017-03-22 10:01:40', ' '),
(601, 31, 'Colonnello-PC/192.168.254.100', '2017-03-22 10:01:40', ' '),
(602, 31, 'Colonnello-PC/192.168.254.100', '2017-03-22 10:01:40', ' '),
(603, 31, 'Colonnello-PC/192.168.254.100', '2017-03-22 10:01:40', ' '),
(604, 31, 'Colonnello-PC/192.168.254.100', '2017-03-22 10:01:40', ' '),
(605, 31, 'Colonnello-PC/192.168.254.100', '2017-03-22 10:01:40', ' '),
(606, 31, 'Colonnello-PC/192.168.254.100', '2017-03-22 10:01:40', ' '),
(607, 31, 'Colonnello-PC/192.168.254.100', '2017-03-22 10:01:40', ' '),
(608, 31, 'Colonnello-PC/192.168.254.100', '2017-03-22 10:01:40', ' '),
(609, 31, 'Colonnello-PC/192.168.254.100', '2017-03-22 10:01:40', ' '),
(610, 31, 'Colonnello-PC/192.168.254.100', '2017-03-22 10:01:40', ' '),
(611, 31, 'Colonnello-PC/192.168.254.100', '2017-03-22 10:01:40', ' '),
(612, 31, 'Colonnello-PC/192.168.254.100', '2017-03-22 10:01:40', ' '),
(613, 31, 'Colonnello-PC/192.168.254.100', '2017-03-22 10:01:40', ' '),
(614, 31, 'Colonnello-PC/192.168.254.100', '2017-03-22 10:01:40', ' '),
(615, 31, 'Colonnello-PC/192.168.254.100', '2017-03-22 10:01:40', ' '),
(616, 31, 'Colonnello-PC/192.168.254.100', '2017-03-22 10:01:40', ' '),
(617, 31, 'Colonnello-PC/192.168.254.100', '2017-03-22 10:01:40', ' '),
(618, 31, 'Colonnello-PC/192.168.254.100', '2017-03-22 10:01:40', ' '),
(619, 31, 'Colonnello-PC/192.168.254.100', '2017-03-22 10:01:40', ' '),
(620, 1, 'Colonnello-PC/192.168.254.100', '2017-03-14 13:03:24', ' '),
(621, 31, 'Colonnello-PC/192.168.254.100', '2017-03-22 10:01:40', ' '),
(622, 31, 'Colonnello-PC/192.168.254.100', '2017-03-22 10:01:40', ' '),
(623, 31, 'Colonnello-PC/192.168.254.100', '2017-03-22 10:01:40', ' '),
(624, 31, 'Colonnello-PC/192.168.254.100', '2017-03-22 10:01:40', ' '),
(625, 31, 'Colonnello-PC/192.168.254.100', '2017-03-22 10:01:40', ' '),
(626, 31, 'Colonnello-PC/192.168.254.100', '2017-03-22 10:01:40', ' '),
(627, 31, 'Colonnello-PC/192.168.254.100', '2017-03-22 10:01:40', ' '),
(628, 31, 'Colonnello-PC/192.168.254.100', '2017-03-22 10:01:40', ' '),
(629, 31, 'Colonnello-PC/192.168.254.100', '2017-03-22 10:01:40', ' '),
(630, 31, 'Colonnello-PC/192.168.254.100', '2017-03-22 10:01:40', ' '),
(631, 31, 'Colonnello-PC/192.168.254.100', '2017-03-22 10:01:40', ' '),
(632, 31, 'Colonnello-PC/192.168.254.100', '2017-03-22 10:01:40', ' '),
(633, 31, 'Colonnello-PC/192.168.254.100', '2017-03-22 10:01:40', ' '),
(634, 31, 'Colonnello-PC/192.168.254.100', '2017-03-22 10:01:40', ' '),
(635, 31, 'Colonnello-PC/192.168.254.100', '2017-03-22 10:01:40', ' '),
(636, 31, 'Colonnello-PC/192.168.254.100', '2017-03-22 10:01:40', ' '),
(637, 31, 'Colonnello-PC/192.168.254.100', '2017-03-22 10:01:40', ' '),
(638, 31, 'Colonnello-PC/192.168.254.100', '2017-03-22 10:01:40', ' '),
(639, 31, 'Colonnello-PC/192.168.254.100', '2017-03-22 10:01:40', ' '),
(640, 31, 'Colonnello-PC/192.168.254.100', '2017-03-22 10:01:40', ' '),
(641, 31, 'Colonnello-PC/192.168.254.100', '2017-03-22 10:01:40', ' '),
(642, 31, 'Colonnello-PC/192.168.254.100', '2017-03-22 10:01:40', ' '),
(643, 31, 'Colonnello-PC/192.168.254.100', '2017-03-22 10:01:40', ' '),
(644, 31, 'Colonnello-PC/192.168.254.100', '2017-03-22 10:01:40', ' '),
(645, 31, 'Colonnello-PC/192.168.254.100', '2017-03-22 10:01:40', ' '),
(646, 31, 'Colonnello-PC/192.168.254.100', '2017-03-22 10:01:40', ' '),
(647, 31, 'Colonnello-PC/192.168.254.100', '2017-03-22 10:01:40', ' '),
(648, 31, 'Colonnello-PC/192.168.254.100', '2017-03-22 10:01:40', ' '),
(649, 31, 'Colonnello-PC/192.168.254.100', '2017-03-22 10:01:40', ' '),
(650, 31, 'Colonnello-PC/192.168.254.100', '2017-03-22 10:01:40', ' '),
(651, 31, 'Colonnello-PC/192.168.254.100', '2017-03-22 10:01:40', ' '),
(652, 31, 'Colonnello-PC/192.168.254.100', '2017-03-22 10:01:40', ' '),
(653, 31, 'Colonnello-PC/192.168.254.100', '2017-03-22 10:01:40', ' '),
(654, 31, 'Colonnello-PC/192.168.254.100', '2017-03-22 10:01:40', ' '),
(655, 31, 'Colonnello-PC/192.168.254.100', '2017-03-22 10:01:40', ' '),
(656, 31, 'Colonnello-PC/192.168.254.100', '2017-03-22 10:01:40', ' '),
(657, 31, 'Colonnello-PC/192.168.254.100', '2017-03-22 10:01:40', ' '),
(658, 31, 'Colonnello-PC/192.168.254.100', '2017-03-22 10:01:40', ' '),
(659, 31, 'Colonnello-PC/192.168.254.100', '2017-03-22 10:01:40', ' '),
(660, 31, 'Colonnello-PC/192.168.254.100', '2017-03-22 10:01:40', ' '),
(661, 31, 'Colonnello-PC/192.168.254.100', '2017-03-22 10:01:40', ' '),
(662, 31, 'Colonnello-PC/192.168.254.100', '2017-03-22 10:01:40', ' '),
(663, 31, 'Colonnello-PC/192.168.254.100', '2017-03-22 10:01:40', ' '),
(664, 31, 'Colonnello-PC/192.168.254.100', '2017-03-22 10:01:40', ' '),
(665, 31, 'Colonnello-PC/192.168.254.100', '2017-03-22 10:01:40', ' '),
(666, 31, 'Colonnello-PC/192.168.254.100', '2017-03-22 10:01:40', ' '),
(667, 31, 'Colonnello-PC/192.168.254.100', '2017-03-22 10:01:40', ' '),
(668, 31, 'Colonnello-PC/192.168.254.100', '2017-03-22 10:01:40', ' '),
(669, 31, 'Colonnello-PC/192.168.254.100', '2017-03-22 10:01:40', ' '),
(670, 31, 'Colonnello-PC/192.168.254.100', '2017-03-22 10:01:40', ' '),
(671, 31, 'Colonnello-PC/192.168.254.100', '2017-03-22 10:01:40', ' '),
(672, 31, 'Colonnello-PC/192.168.254.100', '2017-03-22 10:01:40', ' '),
(673, 31, 'Colonnello-PC/192.168.254.100', '2017-03-22 10:01:40', ' '),
(674, 31, 'Colonnello-PC/192.168.254.100', '2017-03-22 10:01:40', ' '),
(675, 31, 'Colonnello-PC/192.168.254.100', '2017-03-22 10:01:40', ' '),
(676, 31, 'Colonnello-PC/192.168.254.100', '2017-03-22 10:01:40', ' '),
(677, 31, 'Colonnello-PC/192.168.254.100', '2017-03-22 10:01:40', ' '),
(678, 31, 'Colonnello-PC/192.168.254.100', '2017-03-22 10:01:40', ' '),
(679, 31, 'Colonnello-PC/192.168.254.100', '2017-03-22 10:01:40', ' '),
(680, 31, 'Colonnello-PC/192.168.254.100', '2017-03-22 10:01:40', ' '),
(681, 31, 'Colonnello-PC/192.168.254.100', '2017-03-22 10:01:40', ' '),
(682, 31, 'Colonnello-PC/192.168.254.100', '2017-03-22 10:01:40', ' '),
(683, 31, 'Colonnello-PC/192.168.254.100', '2017-03-22 10:01:40', ' '),
(684, 31, 'Colonnello-PC/192.168.254.100', '2017-03-22 10:01:40', ' '),
(685, 31, 'Colonnello-PC/192.168.254.100', '2017-03-22 10:01:40', ' '),
(686, 31, 'Colonnello-PC/192.168.254.100', '2017-03-22 10:01:40', ' '),
(687, 31, 'Colonnello-PC/192.168.254.100', '2017-03-22 10:01:40', ' '),
(688, 31, 'Colonnello-PC/192.168.254.100', '2017-03-22 10:01:40', ' '),
(689, 31, 'Colonnello-PC/192.168.254.100', '2017-03-22 10:01:40', ' '),
(690, 31, 'Colonnello-PC/192.168.254.100', '2017-03-22 10:01:40', ' '),
(691, 31, 'Colonnello-PC/192.168.254.100', '2017-03-22 10:01:40', ' '),
(692, 31, 'Colonnello-PC/192.168.254.100', '2017-03-22 10:01:40', ' '),
(693, 31, 'Colonnello-PC/192.168.254.100', '2017-03-22 10:01:40', ' '),
(694, 31, 'Colonnello-PC/192.168.254.100', '2017-03-22 10:01:40', ' '),
(695, 31, 'Colonnello-PC/192.168.254.100', '2017-03-22 10:01:40', ' '),
(696, 31, 'Colonnello-PC/192.168.254.100', '2017-03-22 10:01:40', ' '),
(697, 31, 'Colonnello-PC/192.168.254.100', '2017-03-22 10:01:40', ' '),
(698, 31, 'Colonnello-PC/192.168.254.100', '2017-03-22 10:01:40', ' '),
(699, 31, 'Colonnello-PC/192.168.254.100', '2017-03-22 10:01:40', ' '),
(700, 31, 'Colonnello-PC/192.168.254.100', '2017-03-22 10:01:40', ' '),
(701, 31, 'Colonnello-PC/192.168.254.100', '2017-03-22 10:01:40', ' '),
(702, 31, 'Colonnello-PC/192.168.254.100', '2017-03-22 10:01:40', ' '),
(703, 31, 'Colonnello-PC/192.168.254.100', '2017-03-22 10:01:40', ' '),
(704, 31, 'Colonnello-PC/192.168.254.100', '2017-03-22 10:01:40', ' '),
(705, 31, 'Colonnello-PC/192.168.254.100', '2017-03-22 10:01:40', ' '),
(706, 31, 'Colonnello-PC/192.168.254.100', '2017-03-22 10:01:40', ' '),
(707, 31, 'Colonnello-PC/192.168.254.100', '2017-03-22 10:01:40', ' '),
(708, 31, 'Colonnello-PC/192.168.254.100', '2017-03-22 10:01:40', ' '),
(709, 31, 'Colonnello-PC/192.168.254.100', '2017-03-22 10:01:40', ' '),
(710, 31, 'Colonnello-PC/192.168.254.100', '2017-03-22 10:01:40', ' '),
(711, 31, 'Colonnello-PC/192.168.254.100', '2017-03-22 10:01:40', ' '),
(712, 31, 'Colonnello-PC/192.168.254.100', '2017-03-22 10:01:40', ' '),
(713, 31, 'Colonnello-PC/192.168.254.100', '2017-03-22 10:01:40', ' '),
(714, 31, 'Colonnello-PC/192.168.254.100', '2017-03-22 10:01:40', ' '),
(715, 31, 'Colonnello-PC/192.168.254.100', '2017-03-22 10:01:40', ' '),
(716, 31, 'Colonnello-PC/192.168.254.100', '2017-03-22 10:01:40', ' '),
(717, 31, 'Colonnello-PC/192.168.254.100', '2017-03-22 10:01:40', ' '),
(718, 31, 'Colonnello-PC/192.168.254.100', '2017-03-22 10:01:40', ' '),
(719, 31, 'Colonnello-PC/192.168.254.100', '2017-03-22 10:01:40', ' '),
(720, 31, 'Colonnello-PC/192.168.254.100', '2017-03-22 10:01:40', ' ');
INSERT INTO `account_logs` (`account_logs_id`, `account_id`, `ipaddress`, `date_login`, `account_status`) VALUES
(721, 31, 'Colonnello-PC/192.168.254.100', '2017-03-22 10:01:40', ' '),
(722, 31, 'Colonnello-PC/192.168.254.100', '2017-03-22 10:01:40', ' '),
(723, 31, 'Colonnello-PC/192.168.254.100', '2017-03-22 10:01:40', ' '),
(724, 31, 'Colonnello-PC/192.168.254.100', '2017-03-22 10:01:40', ' '),
(725, 31, 'Colonnello-PC/192.168.254.100', '2017-03-22 10:01:40', ' '),
(726, 31, 'Colonnello-PC/192.168.254.100', '2017-03-22 10:01:40', ' '),
(727, 31, 'Colonnello-PC/192.168.254.100', '2017-03-22 10:01:40', ' '),
(728, 31, 'Colonnello-PC/192.168.254.100', '2017-03-22 10:01:40', ' '),
(729, 31, 'Colonnello-PC/192.168.254.100', '2017-03-22 10:01:40', ' '),
(730, 31, 'Colonnello-PC/192.168.254.100', '2017-03-22 10:01:40', ' '),
(731, 31, 'Colonnello-PC/192.168.254.100', '2017-03-22 10:01:40', ' '),
(732, 31, 'Colonnello-PC/192.168.254.100', '2017-03-22 10:01:40', ' '),
(733, 31, 'Colonnello-PC/192.168.254.100', '2017-03-22 10:01:40', ' '),
(734, 31, 'Colonnello-PC/192.168.254.100', '2017-03-22 10:01:40', ' '),
(735, 31, 'Colonnello-PC/192.168.254.100', '2017-03-22 10:01:40', ' '),
(736, 31, 'Colonnello-PC/192.168.254.100', '2017-03-22 10:01:40', ' '),
(737, 31, 'Colonnello-PC/192.168.254.100', '2017-03-22 10:01:40', ' '),
(738, 31, 'Colonnello-PC/192.168.254.100', '2017-03-22 10:01:40', ' '),
(739, 31, 'Colonnello-PC/192.168.254.100', '2017-03-22 10:01:40', ' '),
(740, 31, 'Colonnello-PC/192.168.254.100', '2017-03-22 10:01:40', ' '),
(741, 31, 'Colonnello-PC/192.168.254.100', '2017-03-22 10:01:40', ' '),
(742, 31, 'Colonnello-PC/192.168.254.100', '2017-03-22 10:01:40', ' '),
(743, 31, 'Colonnello-PC/192.168.254.100', '2017-03-22 10:01:40', ' '),
(744, 31, 'Colonnello-PC/192.168.254.100', '2017-03-22 10:01:40', ' '),
(745, 31, 'Colonnello-PC/192.168.254.100', '2017-03-22 10:01:40', ' '),
(746, 31, 'Colonnello-PC/192.168.254.100', '2017-03-22 10:01:40', ' '),
(747, 31, 'Colonnello-PC/192.168.254.100', '2017-03-22 10:01:40', ' '),
(748, 31, 'Colonnello-PC/192.168.254.100', '2017-03-22 10:01:40', ' '),
(749, 31, 'Colonnello-PC/192.168.254.100', '2017-03-22 10:01:40', ' '),
(750, 31, 'Colonnello-PC/192.168.254.100', '2017-03-22 10:01:40', ' '),
(751, 31, 'Colonnello-PC/192.168.254.100', '2017-03-22 10:01:40', ' '),
(752, 31, 'Colonnello-PC/192.168.254.100', '2017-03-22 10:01:40', ' '),
(753, 31, 'Colonnello-PC/192.168.254.100', '2017-03-22 10:01:40', ' '),
(754, 31, 'Colonnello-PC/192.168.254.100', '2017-03-22 10:01:40', ' '),
(755, 31, 'Colonnello-PC/192.168.254.100', '2017-03-22 10:01:40', ' '),
(756, 31, 'Colonnello-PC/192.168.254.100', '2017-03-22 10:01:40', ' '),
(757, 31, 'Colonnello-PC/192.168.254.100', '2017-03-22 10:01:40', ' '),
(758, 31, 'Colonnello-PC/192.168.254.100', '2017-03-22 10:01:40', ' '),
(759, 31, 'Colonnello-PC/192.168.254.100', '2017-03-22 10:01:40', ' '),
(760, 31, 'Colonnello-PC/192.168.254.100', '2017-03-22 10:01:40', ' '),
(761, 31, 'Colonnello-PC/192.168.254.100', '2017-03-22 10:01:40', ' '),
(762, 31, 'Colonnello-PC/192.168.254.100', '2017-03-22 10:01:40', ' '),
(763, 31, 'Colonnello-PC/192.168.254.100', '2017-03-22 10:01:40', ' '),
(764, 31, 'Colonnello-PC/192.168.254.100', '2017-03-22 10:01:40', ' '),
(765, 31, 'Colonnello-PC/192.168.254.100', '2017-03-22 10:01:40', ' '),
(766, 31, 'Colonnello-PC/192.168.254.100', '2017-03-22 10:01:40', ' '),
(767, 31, 'Colonnello-PC/192.168.254.100', '2017-03-22 10:01:40', ' '),
(768, 31, 'Colonnello-PC/192.168.254.100', '2017-03-22 10:01:40', ' '),
(769, 31, 'Colonnello-PC/192.168.254.100', '2017-03-22 10:01:40', ' '),
(770, 31, 'Colonnello-PC/192.168.254.100', '2017-03-22 10:01:40', ' '),
(771, 31, 'Colonnello-PC/192.168.254.100', '2017-03-22 10:01:40', ' '),
(772, 31, 'Colonnello-PC/192.168.254.100', '2017-03-22 10:01:40', ' '),
(773, 31, 'Colonnello-PC/192.168.254.100', '2017-03-22 10:01:40', ' '),
(774, 31, 'Colonnello-PC/192.168.254.100', '2017-03-22 10:01:40', ' '),
(775, 31, 'Colonnello-PC/192.168.254.100', '2017-03-22 10:01:40', ' '),
(776, 31, 'Colonnello-PC/192.168.254.100', '2017-03-22 10:01:40', ' '),
(777, 31, 'Colonnello-PC/192.168.254.100', '2017-03-22 10:01:40', ' '),
(778, 31, 'Colonnello-PC/192.168.254.100', '2017-03-22 10:01:40', ' '),
(779, 31, 'Colonnello-PC/192.168.254.100', '2017-03-22 10:01:40', ' '),
(780, 31, 'Colonnello-PC/192.168.254.100', '2017-03-22 10:01:40', ' '),
(781, 31, 'Colonnello-PC/192.168.254.100', '2017-03-22 10:01:40', ' '),
(782, 31, 'Colonnello-PC/192.168.254.100', '2017-03-22 10:01:40', ' '),
(783, 31, 'Colonnello-PC/192.168.254.100', '2017-03-22 10:01:40', ' '),
(784, 31, 'Colonnello-PC/192.168.254.100', '2017-03-22 10:01:40', ' '),
(785, 31, 'Colonnello-PC/192.168.254.100', '2017-03-22 10:01:40', ' '),
(786, 31, 'Colonnello-PC/192.168.254.100', '2017-03-22 10:01:40', ' '),
(787, 31, 'Colonnello-PC/192.168.254.100', '2017-03-22 10:01:40', ' '),
(788, 31, 'Colonnello-PC/192.168.254.100', '2017-03-22 10:01:40', ' '),
(789, 31, 'Colonnello-PC/192.168.254.100', '2017-03-22 10:01:40', ' '),
(790, 31, 'Colonnello-PC/192.168.254.100', '2017-03-22 10:01:40', ' '),
(791, 31, 'Colonnello-PC/192.168.254.100', '2017-03-22 10:01:40', ' '),
(792, 31, 'Colonnello-PC/192.168.254.100', '2017-03-22 10:01:40', ' '),
(793, 31, 'Colonnello-PC/192.168.254.100', '2017-03-22 10:01:40', ' '),
(794, 31, 'Colonnello-PC/192.168.254.100', '2017-03-22 10:01:40', ' '),
(795, 31, 'Colonnello-PC/192.168.254.100', '2017-03-22 10:01:40', ' '),
(796, 31, 'Colonnello-PC/192.168.254.100', '2017-03-22 10:01:40', ' '),
(797, 31, 'Colonnello-PC/192.168.254.100', '2017-03-22 10:01:40', ' '),
(798, 31, 'Colonnello-PC/192.168.254.100', '2017-03-22 10:01:40', ' '),
(799, 31, 'Colonnello-PC/192.168.254.100', '2017-03-22 10:01:40', ' '),
(800, 31, 'Colonnello-PC/192.168.254.100', '2017-03-22 10:01:40', ' '),
(801, 31, 'Colonnello-PC/192.168.254.100', '2017-03-22 10:01:40', ' '),
(802, 31, 'Colonnello-PC/192.168.254.100', '2017-03-22 10:01:40', ' '),
(803, 31, 'Colonnello-PC/192.168.254.100', '2017-03-22 10:01:40', ' '),
(804, 31, 'Colonnello-PC/192.168.254.100', '2017-03-22 10:01:40', ' '),
(805, 31, 'Colonnello-PC/192.168.254.100', '2017-03-22 10:01:40', ' '),
(806, 31, 'Colonnello-PC/192.168.254.100', '2017-03-22 10:01:40', ' '),
(807, 31, 'Colonnello-PC/192.168.254.100', '2017-03-22 10:01:40', ' '),
(808, 31, 'Colonnello-PC/192.168.254.100', '2017-03-22 10:01:40', ' '),
(809, 31, 'Colonnello-PC/192.168.254.100', '2017-03-22 10:01:40', ' '),
(810, 31, 'Colonnello-PC/192.168.254.100', '2017-03-22 10:01:40', ' '),
(811, 31, 'Colonnello-PC/192.168.254.100', '2017-03-22 10:01:40', ' '),
(812, 31, 'Colonnello-PC/192.168.254.100', '2017-03-22 10:01:40', ' '),
(813, 31, 'Colonnello-PC/192.168.254.100', '2017-03-22 10:01:40', ' '),
(814, 31, 'Colonnello-PC/192.168.254.100', '2017-03-22 10:01:40', ' '),
(815, 31, 'Colonnello-PC/192.168.254.100', '2017-03-22 10:01:40', ' '),
(816, 31, 'Colonnello-PC/192.168.254.100', '2017-03-22 10:01:40', ' '),
(817, 31, 'Colonnello-PC/192.168.254.100', '2017-03-22 10:01:40', ' '),
(818, 31, 'Colonnello-PC/192.168.254.100', '2017-03-22 10:01:40', ' '),
(819, 31, 'Colonnello-PC/192.168.254.100', '2017-03-22 10:01:40', ' '),
(820, 31, 'Colonnello-PC/192.168.254.100', '2017-03-22 10:01:40', ' '),
(821, 31, 'Colonnello-PC/192.168.254.100', '2017-03-22 10:01:40', ' '),
(822, 31, 'Colonnello-PC/192.168.254.100', '2017-03-22 10:01:40', ' '),
(823, 31, 'Colonnello-PC/192.168.254.100', '2017-03-22 10:01:40', ' '),
(824, 31, 'Colonnello-PC/192.168.254.100', '2017-03-22 10:01:40', ' '),
(825, 31, 'Colonnello-PC/192.168.254.100', '2017-03-22 10:01:40', ' '),
(826, 31, 'Colonnello-PC/192.168.254.100', '2017-03-22 10:01:40', ' '),
(827, 31, 'Colonnello-PC/192.168.254.100', '2017-03-22 10:01:40', ' '),
(828, 31, 'Colonnello-PC/192.168.254.100', '2017-03-22 10:01:40', ' '),
(829, 31, 'Colonnello-PC/192.168.254.100', '2017-03-22 10:01:40', ' '),
(830, 31, 'Colonnello-PC/192.168.254.100', '2017-03-22 10:01:40', ' '),
(831, 31, 'Colonnello-PC/192.168.254.100', '2017-03-22 10:01:40', ' '),
(832, 31, 'Colonnello-PC/192.168.254.100', '2017-03-22 10:01:40', ' '),
(833, 31, 'Colonnello-PC/192.168.254.100', '2017-03-22 10:01:40', ' '),
(834, 31, 'Colonnello-PC/192.168.254.100', '2017-03-22 10:01:40', ' '),
(835, 31, 'Colonnello-PC/192.168.254.100', '2017-03-22 10:01:40', ' '),
(836, 31, 'Colonnello-PC/192.168.254.100', '2017-03-22 10:01:40', ' '),
(837, 31, 'Colonnello-PC/192.168.254.100', '2017-03-22 10:01:40', ' '),
(838, 31, 'Colonnello-PC/192.168.254.100', '2017-03-22 10:01:40', ' '),
(839, 31, 'Colonnello-PC/192.168.254.100', '2017-03-22 10:01:40', ' '),
(840, 31, 'Colonnello-PC/192.168.254.100', '2017-03-22 10:01:40', ' '),
(841, 31, 'Colonnello-PC/192.168.254.100', '2017-03-22 10:01:40', ' '),
(842, 31, 'Colonnello-PC/192.168.254.100', '2017-03-22 10:01:40', ' '),
(843, 31, 'Colonnello-PC/192.168.254.100', '2017-03-22 10:01:40', ' '),
(844, 31, 'Colonnello-PC/192.168.254.100', '2017-03-22 10:01:40', ' '),
(845, 31, 'Colonnello-PC/192.168.254.100', '2017-03-22 10:01:40', ' '),
(846, 31, 'Colonnello-PC/192.168.254.100', '2017-03-22 10:01:40', ' '),
(847, 31, 'Colonnello-PC/192.168.254.100', '2017-03-22 10:01:40', ' '),
(848, 31, 'Colonnello-PC/192.168.254.100', '2017-03-22 10:01:40', ' '),
(849, 31, 'Colonnello-PC/192.168.254.100', '2017-03-22 10:01:40', ' '),
(850, 31, 'Colonnello-PC/192.168.254.100', '2017-03-22 10:01:40', ' '),
(851, 31, 'Colonnello-PC/192.168.254.100', '2017-03-22 10:01:40', ' '),
(852, 31, 'Colonnello-PC/192.168.254.100', '2017-03-22 10:01:40', ' '),
(853, 31, 'Colonnello-PC/192.168.254.100', '2017-03-22 10:01:40', ' '),
(854, 31, 'Colonnello-PC/192.168.254.100', '2017-03-22 10:01:40', ' '),
(855, 31, 'Colonnello-PC/192.168.254.100', '2017-03-22 10:01:40', ' '),
(856, 31, 'Colonnello-PC/192.168.254.100', '2017-03-22 10:01:40', ' '),
(857, 31, 'Colonnello-PC/192.168.254.100', '2017-03-22 10:01:40', ' '),
(858, 31, 'Colonnello-PC/192.168.254.100', '2017-03-22 10:01:40', ' '),
(859, 31, 'Colonnello-PC/192.168.254.100', '2017-03-22 10:01:40', ' '),
(860, 31, 'Colonnello-PC/192.168.254.100', '2017-03-22 10:01:40', ' '),
(861, 31, 'Colonnello-PC/192.168.254.100', '2017-03-22 10:01:40', ' '),
(862, 31, 'Colonnello-PC/192.168.254.100', '2017-03-22 10:01:40', ' '),
(863, 31, 'Colonnello-PC/192.168.254.100', '2017-03-22 10:01:40', ' '),
(864, 31, 'Colonnello-PC/192.168.254.100', '2017-03-22 10:01:40', ' '),
(865, 31, 'Colonnello-PC/192.168.254.100', '2017-03-22 10:01:40', ' '),
(866, 31, 'Colonnello-PC/192.168.254.100', '2017-03-22 10:01:40', ' '),
(867, 31, 'Colonnello-PC/192.168.254.100', '2017-03-22 10:01:40', ' '),
(868, 31, 'Colonnello-PC/192.168.254.100', '2017-03-22 10:01:40', ' '),
(869, 31, 'Colonnello-PC/192.168.254.100', '2017-03-22 10:01:40', ' '),
(870, 31, 'Colonnello-PC/192.168.254.100', '2017-03-22 10:01:40', ' '),
(871, 31, 'Colonnello-PC/192.168.254.100', '2017-03-22 10:01:40', ' '),
(872, 31, 'Colonnello-PC/192.168.254.100', '2017-03-22 10:01:40', ' '),
(873, 31, 'Colonnello-PC/192.168.254.100', '2017-03-22 10:01:40', ' '),
(874, 31, 'Colonnello-PC/192.168.254.100', '2017-03-22 10:01:40', ' '),
(875, 31, 'Colonnello-PC/192.168.254.100', '2017-03-22 10:01:40', ' '),
(876, 31, 'Colonnello-PC/192.168.254.100', '2017-03-22 10:01:40', ' '),
(877, 31, 'Colonnello-PC/192.168.254.100', '2017-03-22 10:01:40', ' '),
(878, 31, 'Colonnello-PC/192.168.254.100', '2017-03-22 10:01:40', ' '),
(879, 31, 'Colonnello-PC/192.168.254.100', '2017-03-22 10:01:40', ' '),
(880, 31, 'Colonnello-PC/192.168.254.100', '2017-03-22 10:01:40', ' '),
(881, 31, 'Colonnello-PC/192.168.254.100', '2017-03-22 10:01:40', ' '),
(882, 31, 'Colonnello-PC/192.168.254.100', '2017-03-22 10:01:40', ' '),
(883, 31, 'Colonnello-PC/192.168.254.100', '2017-03-22 10:01:40', ' '),
(884, 31, 'Colonnello-PC/192.168.254.100', '2017-03-22 10:01:40', ' '),
(885, 31, 'Colonnello-PC/192.168.254.100', '2017-03-22 10:01:40', ' '),
(886, 31, 'Colonnello-PC/192.168.254.100', '2017-03-22 10:01:40', ' '),
(887, 31, 'Colonnello-PC/192.168.254.100', '2017-03-22 10:01:40', ' '),
(888, 31, 'Colonnello-PC/192.168.254.100', '2017-03-22 10:01:40', ' '),
(889, 31, 'Colonnello-PC/192.168.254.100', '2017-03-22 10:01:40', ' '),
(890, 31, 'Colonnello-PC/192.168.254.100', '2017-03-22 10:01:40', ' '),
(891, 31, 'Colonnello-PC/192.168.254.100', '2017-03-22 10:01:40', ' '),
(892, 31, 'Colonnello-PC/192.168.254.100', '2017-03-22 10:01:40', ' '),
(893, 31, 'Colonnello-PC/192.168.254.100', '2017-03-22 10:01:40', ' '),
(894, 31, 'Colonnello-PC/192.168.254.100', '2017-03-22 10:01:40', ' '),
(895, 31, 'Colonnello-PC/192.168.254.100', '2017-03-22 10:01:40', ' '),
(896, 31, 'Colonnello-PC/192.168.254.100', '2017-03-22 10:01:40', ' '),
(897, 31, 'Colonnello-PC/192.168.254.100', '2017-03-22 10:01:40', ' '),
(898, 31, 'Colonnello-PC/192.168.254.100', '2017-03-22 10:01:40', ' '),
(899, 31, 'Colonnello-PC/192.168.254.100', '2017-03-22 10:01:40', ' '),
(900, 31, 'Colonnello-PC/192.168.254.100', '2017-03-22 10:01:40', ' '),
(901, 31, 'Colonnello-PC/192.168.254.100', '2017-03-22 10:01:40', ' '),
(902, 31, 'Colonnello-PC/192.168.254.100', '2017-03-22 10:01:40', ' '),
(903, 32, 'Colonnello-PC/192.168.254.100', '2017-03-22 09:58:21', ' '),
(904, 31, 'Colonnello-PC/192.168.254.100', '2017-03-22 10:01:40', ' '),
(905, 31, 'Colonnello-PC/192.168.254.100', '2017-03-22 10:01:40', ' '),
(906, 31, 'Colonnello-PC/192.168.254.100', '2017-03-22 10:01:40', ' '),
(907, 31, 'Colonnello-PC/192.168.254.100', '2017-03-22 10:01:40', ' '),
(908, 31, 'Colonnello-PC/192.168.254.100', '2017-03-22 10:01:40', ' '),
(909, 31, 'Colonnello-PC/192.168.254.100', '2017-03-22 10:01:40', ' '),
(910, 31, 'Colonnello-PC/192.168.254.100', '2017-03-22 10:01:40', ' '),
(911, 31, 'Colonnello-PC/192.168.254.100', '2017-03-22 10:01:40', ' '),
(912, 31, 'Colonnello-PC/192.168.254.100', '2017-03-22 10:01:40', ' '),
(913, 31, 'Colonnello-PC/192.168.254.100', '2017-03-22 10:01:40', ' '),
(914, 31, 'Colonnello-PC/192.168.254.100', '2017-03-22 10:01:40', ' '),
(915, 31, 'Colonnello-PC/192.168.254.100', '2017-03-22 10:01:40', ' '),
(916, 31, 'Colonnello-PC/192.168.254.100', '2017-03-22 10:01:40', ' '),
(917, 31, 'Colonnello-PC/192.168.254.100', '2017-03-22 10:01:40', ' '),
(918, 31, 'Colonnello-PC/192.168.254.100', '2017-03-22 10:01:40', ' '),
(919, 31, 'Colonnello-PC/192.168.254.100', '2017-03-22 10:01:40', ' '),
(920, 31, 'Colonnello-PC/192.168.254.100', '2017-03-22 10:01:40', ' '),
(921, 31, 'Colonnello-PC/192.168.254.100', '2017-03-22 10:01:40', ' '),
(922, 31, 'Colonnello-PC/192.168.254.100', '2017-03-22 10:01:40', ' '),
(923, 31, 'Colonnello-PC/192.168.254.100', '2017-03-22 10:01:40', ' '),
(924, 31, 'Colonnello-PC/192.168.254.100', '2017-03-22 10:01:40', ' '),
(925, 31, 'Colonnello-PC/192.168.254.100', '2017-03-22 10:01:40', ' '),
(926, 31, 'Colonnello-PC/192.168.254.100', '2017-03-22 10:01:40', ' '),
(927, 31, 'Colonnello-PC/192.168.254.100', '2017-03-22 10:01:40', ' '),
(928, 31, 'Colonnello-PC/192.168.254.100', '2017-03-22 10:01:40', ' '),
(929, 31, 'Colonnello-PC/192.168.254.100', '2017-03-22 10:01:40', ' '),
(930, 31, 'Colonnello-PC/192.168.254.100', '2017-03-22 10:01:40', ' '),
(931, 31, 'Colonnello-PC/192.168.254.100', '2017-03-22 10:01:40', ' '),
(932, 31, 'Colonnello-PC/192.168.254.100', '2017-03-22 10:01:40', ' '),
(933, 31, 'Colonnello-PC/192.168.254.100', '2017-03-22 10:01:40', ' '),
(934, 31, 'Colonnello-PC/192.168.254.100', '2017-03-22 10:01:40', ' '),
(935, 31, 'Colonnello-PC/192.168.254.100', '2017-03-22 10:01:40', ' '),
(936, 31, 'Colonnello-PC/192.168.254.100', '2017-03-22 10:01:40', ' '),
(937, 31, 'Colonnello-PC/192.168.254.100', '2017-03-22 10:01:40', ' '),
(938, 31, 'Colonnello-PC/192.168.254.100', '2017-03-22 10:01:40', ' '),
(939, 31, 'Colonnello-PC/192.168.254.100', '2017-03-22 10:01:40', ' '),
(940, 31, 'Colonnello-PC/192.168.254.100', '2017-03-22 10:01:40', ' '),
(941, 31, 'Colonnello-PC/192.168.254.100', '2017-03-22 10:01:40', ' '),
(942, 31, 'Colonnello-PC/192.168.254.100', '2017-03-22 10:01:40', ' '),
(943, 31, 'Colonnello-PC/192.168.254.100', '2017-03-22 10:01:40', ' '),
(944, 31, 'Colonnello-PC/192.168.254.100', '2017-03-22 10:01:40', ' '),
(945, 31, 'Colonnello-PC/192.168.254.100', '2017-03-22 10:01:40', ' '),
(946, 31, 'Colonnello-PC/192.168.254.100', '2017-03-22 10:01:40', ' '),
(947, 31, 'Colonnello-PC/192.168.254.100', '2017-03-22 10:01:40', ' '),
(948, 31, 'Colonnello-PC/192.168.254.100', '2017-03-22 10:01:40', ' '),
(949, 31, 'Colonnello-PC/192.168.254.100', '2017-03-22 10:01:40', ' '),
(950, 31, 'Colonnello-PC/192.168.254.100', '2017-03-22 10:01:40', ' '),
(951, 31, 'Colonnello-PC/192.168.254.100', '2017-03-22 10:01:40', ' '),
(952, 31, 'Colonnello-PC/192.168.254.100', '2017-03-22 10:01:40', ' '),
(953, 31, 'Colonnello-PC/192.168.254.100', '2017-03-22 10:01:40', ' '),
(954, 31, 'Colonnello-PC/192.168.254.100', '2017-03-22 10:01:40', ' '),
(955, 31, 'Colonnello-PC/192.168.254.100', '2017-03-22 10:01:40', ' '),
(956, 31, 'Colonnello-PC/192.168.254.100', '2017-03-22 10:01:40', ' '),
(957, 31, 'Colonnello-PC/192.168.254.100', '2017-03-22 10:01:40', ' '),
(958, 31, 'Colonnello-PC/192.168.254.100', '2017-03-22 10:01:40', ' '),
(959, 31, 'Colonnello-PC/192.168.254.100', '2017-03-22 10:01:40', ' '),
(960, 31, 'Colonnello-PC/192.168.254.100', '2017-03-22 10:01:40', ' '),
(961, 31, 'Colonnello-PC/192.168.254.100', '2017-03-22 10:01:40', ' '),
(962, 31, 'Colonnello-PC/192.168.254.100', '2017-03-22 10:01:40', ' '),
(963, 31, 'Colonnello-PC/192.168.254.100', '2017-03-22 10:01:40', ' '),
(964, 31, 'Colonnello-PC/192.168.254.100', '2017-03-22 10:01:40', ' '),
(965, 31, 'Colonnello-PC/192.168.254.100', '2017-03-22 10:01:40', ' '),
(966, 31, 'Colonnello-PC/192.168.254.100', '2017-03-22 10:01:40', ' '),
(967, 31, 'Colonnello-PC/192.168.254.100', '2017-03-22 10:01:40', ' '),
(968, 31, 'Colonnello-PC/192.168.254.100', '2017-03-22 10:01:40', ' '),
(969, 31, 'Colonnello-PC/192.168.254.100', '2017-03-22 10:01:40', ' '),
(970, 31, 'Colonnello-PC/192.168.254.100', '2017-03-22 10:01:40', ' '),
(971, 31, 'Colonnello-PC/192.168.254.100', '2017-03-22 10:01:40', ' '),
(972, 31, 'Colonnello-PC/192.168.254.100', '2017-03-22 10:01:40', ' '),
(973, 31, 'Colonnello-PC/192.168.254.100', '2017-03-22 10:01:40', ' '),
(974, 31, 'Colonnello-PC/192.168.254.100', '2017-03-22 10:01:40', ' '),
(975, 31, 'Colonnello-PC/192.168.254.100', '2017-03-22 10:01:40', ' '),
(976, 31, 'Colonnello-PC/192.168.254.100', '2017-03-22 10:01:40', ' '),
(977, 31, 'Colonnello-PC/192.168.254.100', '2017-03-22 10:01:40', ' '),
(978, 31, 'Colonnello-PC/192.168.254.100', '2017-03-22 10:01:40', ' '),
(979, 31, 'Colonnello-PC/192.168.254.100', '2017-03-22 10:01:40', ' '),
(980, 31, 'Colonnello-PC/192.168.254.100', '2017-03-22 10:01:40', ' '),
(981, 31, 'Colonnello-PC/192.168.254.100', '2017-03-22 10:01:40', ' '),
(982, 31, 'Colonnello-PC/192.168.254.100', '2017-03-22 10:01:40', ' '),
(983, 31, 'Colonnello-PC/192.168.254.100', '2017-03-22 10:01:40', ' '),
(984, 31, 'Colonnello-PC/192.168.254.100', '2017-03-22 10:01:40', ' '),
(985, 31, 'Colonnello-PC/192.168.254.100', '2017-03-22 10:01:40', ' '),
(986, 31, 'Colonnello-PC/192.168.254.100', '2017-03-22 10:01:40', ' '),
(987, 31, 'Colonnello-PC/192.168.254.100', '2017-03-22 10:01:40', ' '),
(988, 31, 'Colonnello-PC/192.168.254.100', '2017-03-22 10:01:40', ' '),
(989, 31, 'Colonnello-PC/192.168.254.100', '2017-03-22 10:01:40', ' '),
(990, 31, 'Colonnello-PC/192.168.254.100', '2017-03-22 10:01:40', ' '),
(991, 31, 'Colonnello-PC/192.168.254.100', '2017-03-22 10:01:40', ' '),
(992, 31, 'Colonnello-PC/192.168.254.100', '2017-03-22 10:01:40', ' '),
(993, 31, 'Colonnello-PC/192.168.254.100', '2017-03-22 10:01:40', ' '),
(994, 31, 'Colonnello-PC/192.168.254.100', '2017-03-22 10:01:40', ' '),
(995, 31, 'Colonnello-PC/192.168.254.100', '2017-03-22 10:01:40', ' '),
(996, 31, 'Colonnello-PC/192.168.254.100', '2017-03-22 10:01:40', ' '),
(997, 31, 'Colonnello-PC/192.168.254.100', '2017-03-22 10:01:40', ' '),
(998, 31, 'Colonnello-PC/192.168.254.100', '2017-03-22 10:01:40', ' '),
(999, 31, 'Colonnello-PC/192.168.254.100', '2017-03-22 10:01:40', ' '),
(1000, 31, 'Colonnello-PC/192.168.254.100', '2017-03-22 10:01:40', ' '),
(1001, 31, 'Colonnello-PC/192.168.254.100', '2017-03-22 10:01:40', ' '),
(1002, 31, 'Colonnello-PC/192.168.254.100', '2017-03-22 10:01:40', ' '),
(1003, 31, 'Colonnello-PC/192.168.254.100', '2017-03-22 10:01:40', ' '),
(1004, 31, 'Colonnello-PC/192.168.254.100', '2017-03-22 10:01:40', ' '),
(1005, 31, 'Colonnello-PC/192.168.254.100', '2017-03-22 10:01:40', ' '),
(1006, 31, 'Colonnello-PC/192.168.254.100', '2017-03-22 10:01:40', ' '),
(1007, 31, 'Colonnello-PC/192.168.254.100', '2017-03-22 10:01:40', ' '),
(1008, 31, 'Colonnello-PC/192.168.254.100', '2017-03-22 10:01:40', ' '),
(1009, 31, 'Colonnello-PC/192.168.254.100', '2017-03-22 10:01:40', ' '),
(1010, 31, 'Colonnello-PC/192.168.254.100', '2017-03-22 10:01:40', ' '),
(1011, 1, 'Colonnello-PC/192.168.254.100', '2017-03-14 13:03:24', ' '),
(1012, 31, 'Colonnello-PC/192.168.254.100', '2017-03-22 10:01:40', ' '),
(1013, 31, 'Colonnello-PC/192.168.254.100', '2017-03-22 10:01:40', ' '),
(1014, 31, 'Colonnello-PC/192.168.254.100', '2017-03-22 10:01:40', ' '),
(1015, 31, 'Colonnello-PC/192.168.254.100', '2017-03-22 10:01:40', ' '),
(1016, 31, 'Colonnello-PC/192.168.254.100', '2017-03-22 10:01:40', ' '),
(1017, 31, 'Colonnello-PC/192.168.254.100', '2017-03-22 10:01:40', ' '),
(1018, 31, 'Colonnello-PC/192.168.254.100', '2017-03-22 10:01:40', ' '),
(1019, 31, 'Colonnello-PC/192.168.254.100', '2017-03-22 10:01:40', ' '),
(1020, 31, 'Colonnello-PC/192.168.254.100', '2017-03-22 10:01:40', ' '),
(1021, 31, 'Colonnello-PC/192.168.254.100', '2017-03-22 10:01:40', ' '),
(1022, 31, 'Colonnello-PC/192.168.254.100', '2017-03-22 10:01:40', ' '),
(1023, 31, 'Colonnello-PC/192.168.254.100', '2017-03-22 10:01:40', ' '),
(1024, 31, 'Colonnello-PC/192.168.254.100', '2017-03-22 10:01:40', ' '),
(1025, 31, 'Colonnello-PC/192.168.254.100', '2017-03-22 10:01:40', ' '),
(1026, 31, 'Colonnello-PC/192.168.254.100', '2017-03-22 10:01:40', ' '),
(1027, 31, 'Colonnello-PC/192.168.254.100', '2017-03-22 10:01:40', ' '),
(1028, 31, 'Colonnello-PC/192.168.254.100', '2017-03-22 10:01:40', ' '),
(1029, 31, 'Colonnello-PC/192.168.254.100', '2017-03-22 10:01:40', ' '),
(1030, 31, 'Colonnello-PC/192.168.254.100', '2017-03-22 10:01:40', ' '),
(1031, 31, 'Colonnello-PC/192.168.254.100', '2017-03-22 10:01:40', ' '),
(1032, 31, 'Colonnello-PC/192.168.254.100', '2017-03-22 10:01:40', ' '),
(1033, 31, 'Colonnello-PC/192.168.254.100', '2017-03-22 10:01:40', ' '),
(1034, 31, 'Colonnello-PC/192.168.254.100', '2017-03-22 10:01:40', ' '),
(1035, 31, 'Colonnello-PC/192.168.254.100', '2017-03-22 10:01:40', ' '),
(1036, 31, 'Colonnello-PC/192.168.254.100', '2017-03-22 10:01:40', ' '),
(1037, 31, 'Colonnello-PC/192.168.254.100', '2017-03-22 10:01:40', ' '),
(1038, 31, 'Colonnello-PC/192.168.254.100', '2017-03-22 10:01:40', ' '),
(1039, 31, 'Colonnello-PC/192.168.254.100', '2017-03-22 10:01:40', ' '),
(1040, 31, 'Colonnello-PC/192.168.254.100', '2017-03-22 10:01:40', ' '),
(1041, 31, 'Colonnello-PC/192.168.254.100', '2017-03-22 10:01:40', ' '),
(1042, 31, 'Colonnello-PC/192.168.254.100', '2017-03-22 10:01:40', ' '),
(1043, 31, 'Colonnello-PC/192.168.254.100', '2017-03-22 10:01:40', ' '),
(1044, 31, 'Colonnello-PC/192.168.254.100', '2017-03-22 10:01:40', ' '),
(1045, 31, 'Colonnello-PC/192.168.254.100', '2017-03-22 10:01:40', ' '),
(1046, 31, 'Colonnello-PC/192.168.254.100', '2017-03-22 10:01:40', ' '),
(1047, 31, 'Colonnello-PC/192.168.254.100', '2017-03-22 10:01:40', ' '),
(1048, 31, 'Colonnello-PC/192.168.254.100', '2017-03-22 10:01:40', ' '),
(1049, 31, 'Colonnello-PC/192.168.254.100', '2017-03-22 10:01:40', ' '),
(1050, 31, 'Colonnello-PC/192.168.254.100', '2017-03-22 10:01:40', ' '),
(1051, 31, 'Colonnello-PC/192.168.254.100', '2017-03-22 10:01:40', ' '),
(1052, 31, 'Colonnello-PC/192.168.254.100', '2017-03-22 10:01:40', ' '),
(1053, 31, 'Colonnello-PC/192.168.254.100', '2017-03-22 10:01:40', ' '),
(1054, 31, 'Colonnello-PC/192.168.254.100', '2017-03-22 10:01:40', ' '),
(1055, 31, 'Colonnello-PC/192.168.254.100', '2017-03-22 10:01:40', ' '),
(1056, 31, 'Colonnello-PC/192.168.254.100', '2017-03-22 10:01:40', ' '),
(1057, 31, 'Colonnello-PC/192.168.254.100', '2017-03-22 10:01:40', ' '),
(1058, 31, 'Colonnello-PC/192.168.254.100', '2017-03-22 10:01:40', ' '),
(1059, 31, 'Colonnello-PC/192.168.254.100', '2017-03-22 10:01:40', ' '),
(1060, 31, 'Colonnello-PC/192.168.254.100', '2017-03-22 10:01:40', ' '),
(1061, 31, 'Colonnello-PC/192.168.254.100', '2017-03-22 10:01:40', ' '),
(1062, 31, 'Colonnello-PC/192.168.254.100', '2017-03-22 10:01:40', ' '),
(1063, 31, 'Colonnello-PC/192.168.254.100', '2017-03-22 10:01:40', ' '),
(1064, 31, 'Colonnello-PC/192.168.254.100', '2017-03-22 10:01:40', ' '),
(1065, 31, 'Colonnello-PC/192.168.254.100', '2017-03-22 10:01:40', ' '),
(1066, 31, 'Colonnello-PC/192.168.254.100', '2017-03-22 10:01:40', ' '),
(1067, 31, 'Colonnello-PC/192.168.254.100', '2017-03-22 10:01:40', ' '),
(1068, 31, 'Colonnello-PC/192.168.254.100', '2017-03-22 10:01:40', ' '),
(1069, 31, 'Colonnello-PC/192.168.254.100', '2017-03-22 10:01:40', ' '),
(1070, 31, 'Colonnello-PC/192.168.254.100', '2017-03-22 10:01:40', ' '),
(1071, 31, 'Colonnello-PC/192.168.254.100', '2017-03-22 10:01:40', ' '),
(1072, 31, 'Colonnello-PC/192.168.254.100', '2017-03-22 10:01:40', ' '),
(1073, 31, 'Colonnello-PC/192.168.254.100', '2017-03-22 10:01:40', ' '),
(1074, 31, 'Colonnello-PC/192.168.254.100', '2017-03-22 10:01:40', ' '),
(1075, 31, 'Colonnello-PC/192.168.254.100', '2017-03-22 10:01:40', ' '),
(1076, 31, 'Colonnello-PC/192.168.254.100', '2017-03-22 10:01:40', ' '),
(1077, 31, 'Colonnello-PC/192.168.254.100', '2017-03-22 10:01:40', ' '),
(1078, 31, 'Colonnello-PC/192.168.254.100', '2017-03-22 10:01:40', ' '),
(1079, 31, 'Colonnello-PC/192.168.254.100', '2017-03-22 10:01:40', ' '),
(1080, 31, 'Colonnello-PC/192.168.254.100', '2017-03-22 10:01:40', ' '),
(1081, 1, 'Colonnello-PC/192.168.254.100', '2017-03-14 13:03:24', ' '),
(1082, 31, 'Colonnello-PC/192.168.254.100', '2017-03-22 10:01:40', ' '),
(1083, 31, 'Colonnello-PC/192.168.254.100', '2017-03-22 10:01:40', ' '),
(1084, 31, 'Colonnello-PC/192.168.254.100', '2017-03-22 10:01:40', ' '),
(1085, 31, 'Colonnello-PC/192.168.254.100', '2017-03-22 10:01:40', ' '),
(1086, 31, 'Colonnello-PC/192.168.254.100', '2017-03-22 10:01:40', ' '),
(1087, 31, 'Colonnello-PC/192.168.254.100', '2017-03-22 10:01:40', ' '),
(1088, 31, 'Colonnello-PC/192.168.254.100', '2017-03-22 10:01:40', ' '),
(1089, 31, 'Colonnello-PC/192.168.254.100', '2017-03-22 10:01:40', ' '),
(1090, 31, 'Colonnello-PC/192.168.254.100', '2017-03-22 10:01:40', ' '),
(1091, 31, 'Colonnello-PC/192.168.254.100', '2017-03-22 10:01:40', ' '),
(1092, 32, 'Colonnello-PC/192.168.254.100', '2017-03-22 09:58:21', ' '),
(1093, 31, 'Colonnello-PC/192.168.254.100', '2017-03-22 10:01:40', ' '),
(1094, 31, 'Colonnello-PC/192.168.254.100', '2017-03-22 10:01:40', ' '),
(1095, 31, 'Colonnello-PC/192.168.254.100', '2017-03-22 10:01:40', ' '),
(1096, 31, 'Colonnello-PC/192.168.254.100', '2017-03-22 10:01:40', ' '),
(1097, 31, 'Colonnello-PC/192.168.254.100', '2017-03-22 10:01:40', ' '),
(1098, 31, 'Colonnello-PC/192.168.254.100', '2017-03-22 10:01:40', ' '),
(1099, 31, 'Colonnello-PC/192.168.254.100', '2017-03-22 10:01:40', ' '),
(1100, 31, 'Colonnello-PC/192.168.254.100', '2017-03-22 10:01:40', ' '),
(1101, 31, 'Colonnello-PC/192.168.254.100', '2017-03-22 10:01:40', ' '),
(1102, 31, 'Colonnello-PC/192.168.254.100', '2017-03-22 10:01:40', ' '),
(1103, 31, 'Colonnello-PC/192.168.254.100', '2017-03-22 10:01:40', ' '),
(1104, 31, 'Colonnello-PC/192.168.254.100', '2017-03-22 10:01:40', ' '),
(1105, 32, 'Colonnello-PC/192.168.254.100', '2017-03-22 09:58:21', ' '),
(1106, 31, 'Colonnello-PC/192.168.254.100', '2017-03-22 10:01:40', ' '),
(1107, 32, 'Colonnello-PC/192.168.254.100', '2017-03-22 09:58:21', ' '),
(1108, 31, 'Colonnello-PC/192.168.254.100', '2017-03-22 10:01:40', ' '),
(1109, 32, 'Colonnello-PC/192.168.254.100', '2017-03-22 09:58:21', ' '),
(1110, 31, 'Colonnello-PC/192.168.254.100', '2017-03-22 10:01:40', ' '),
(1111, 32, 'Colonnello-PC/192.168.254.100', '2017-03-22 09:58:21', ' '),
(1112, 31, 'Colonnello-PC/192.168.254.100', '2017-03-22 10:01:40', ' '),
(1113, 31, 'Colonnello-PC/192.168.254.100', '2017-03-22 10:01:40', ' '),
(1114, 31, 'Colonnello-PC/192.168.254.100', '2017-03-22 10:01:40', ' '),
(1115, 31, 'Colonnello-PC/192.168.254.100', '2017-03-22 10:01:40', ' '),
(1116, 31, 'Colonnello-PC/192.168.254.100', '2017-03-22 10:01:40', ' '),
(1117, 31, 'Colonnello-PC/192.168.254.100', '2017-03-22 10:01:40', ' '),
(1118, 32, 'Colonnello-PC/192.168.254.100', '2017-03-22 09:58:21', ' '),
(1119, 31, 'Colonnello-PC/192.168.254.100', '2017-03-22 10:01:40', ' '),
(1120, 31, 'Colonnello-PC/192.168.254.100', '2017-03-22 10:01:40', ' '),
(1121, 31, 'Colonnello-PC/192.168.254.100', '2017-03-22 10:01:40', ' '),
(1122, 31, 'Colonnello-PC/192.168.254.100', '2017-03-22 10:01:40', ' '),
(1123, 31, 'Colonnello-PC/192.168.254.100', '2017-03-22 10:01:40', ' '),
(1124, 31, 'Colonnello-PC/192.168.254.100', '2017-03-22 10:01:40', ' '),
(1125, 31, 'Colonnello-PC/192.168.254.100', '2017-03-22 10:01:40', ' '),
(1126, 31, 'Colonnello-PC/192.168.254.100', '2017-03-22 10:01:40', ' '),
(1127, 31, 'Colonnello-PC/192.168.254.100', '2017-03-22 10:01:40', ' '),
(1128, 31, 'Colonnello-PC/192.168.254.100', '2017-03-22 10:01:40', ' '),
(1129, 31, 'Colonnello-PC/192.168.254.100', '2017-03-22 10:01:40', ' '),
(1130, 31, 'Colonnello-PC/192.168.254.100', '2017-03-22 10:01:40', ' '),
(1131, 31, 'Colonnello-PC/192.168.254.100', '2017-03-22 10:01:40', ' '),
(1132, 32, 'Colonnello-PC/192.168.254.100', '2017-03-22 09:58:21', ' '),
(1133, 31, 'Colonnello-PC/192.168.254.100', '2017-03-22 10:01:40', ' '),
(1134, 31, 'Colonnello-PC/192.168.254.100', '2017-03-22 10:01:40', ' '),
(1135, 31, 'Colonnello-PC/192.168.254.100', '2017-03-22 10:01:40', ' '),
(1136, 31, 'Colonnello-PC/192.168.254.100', '2017-03-22 10:01:40', ' '),
(1137, 31, 'Colonnello-PC/192.168.254.100', '2017-03-22 10:01:40', ' '),
(1138, 32, 'Colonnello-PC/192.168.254.100', '2017-03-22 09:58:21', ' '),
(1139, 31, 'Colonnello-PC/192.168.254.100', '2017-03-22 10:01:40', ' '),
(1140, 31, 'Colonnello-PC/192.168.254.100', '2017-03-22 10:01:40', ' '),
(1141, 31, 'Colonnello-PC/192.168.254.100', '2017-03-22 10:01:40', ' '),
(1142, 31, 'Colonnello-PC/192.168.254.100', '2017-03-22 10:01:40', ' '),
(1143, 31, 'Colonnello-PC/192.168.254.100', '2017-03-22 10:01:40', ' '),
(1144, 31, 'Colonnello-PC/192.168.254.100', '2017-03-22 10:01:40', ' '),
(1145, 31, 'Colonnello-PC/192.168.254.100', '2017-03-22 10:01:40', ' '),
(1146, 31, 'Colonnello-PC/192.168.254.100', '2017-03-22 10:01:40', ' '),
(1147, 31, 'Colonnello-PC/192.168.254.100', '2017-03-22 10:01:40', ' '),
(1148, 31, 'Colonnello-PC/192.168.254.100', '2017-03-22 10:01:40', ' '),
(1149, 31, 'Colonnello-PC/192.168.254.100', '2017-03-22 10:01:40', ' '),
(1150, 31, 'Colonnello-PC/192.168.254.100', '2017-03-22 10:01:40', ' '),
(1151, 31, 'Colonnello-PC/192.168.254.100', '2017-03-22 10:01:40', ' '),
(1152, 31, 'Colonnello-PC/192.168.254.100', '2017-03-22 10:01:40', ' '),
(1153, 31, 'Colonnello-PC/192.168.254.100', '2017-03-22 10:01:40', ' '),
(1154, 31, 'Colonnello-PC/192.168.254.100', '2017-03-22 10:01:40', ' '),
(1155, 31, 'Colonnello-PC/192.168.254.100', '2017-03-22 10:01:40', ' '),
(1156, 31, 'Colonnello-PC/192.168.254.100', '2017-03-22 10:01:40', ' '),
(1157, 31, 'Colonnello-PC/192.168.254.100', '2017-03-22 10:01:40', ' '),
(1158, 31, 'Colonnello-PC/192.168.254.100', '2017-03-22 10:01:40', ' '),
(1159, 31, 'Colonnello-PC/192.168.254.100', '2017-03-22 10:01:40', ' '),
(1160, 31, 'Colonnello-PC/192.168.254.100', '2017-03-22 10:01:40', ' '),
(1161, 31, 'Colonnello-PC/192.168.254.100', '2017-03-22 10:01:40', ' '),
(1162, 31, 'Colonnello-PC/192.168.254.100', '2017-03-22 10:01:40', ' '),
(1163, 31, 'Colonnello-PC/192.168.254.100', '2017-03-22 10:01:40', ' '),
(1164, 31, 'Colonnello-PC/192.168.254.100', '2017-03-22 10:01:40', ' '),
(1165, 31, 'Colonnello-PC/192.168.254.100', '2017-03-22 10:01:40', ' '),
(1166, 31, 'Colonnello-PC/192.168.254.100', '2017-03-22 10:01:40', ' '),
(1167, 31, 'Colonnello-PC/192.168.254.100', '2017-03-22 10:01:40', ' '),
(1168, 31, 'Colonnello-PC/192.168.254.100', '2017-03-22 10:01:40', ' '),
(1169, 31, 'Colonnello-PC/192.168.254.100', '2017-03-22 10:01:40', ' '),
(1170, 31, 'Colonnello-PC/192.168.254.100', '2017-03-22 10:01:40', ' '),
(1171, 31, 'Colonnello-PC/192.168.254.100', '2017-03-22 10:01:40', ' '),
(1172, 31, 'Colonnello-PC/192.168.254.100', '2017-03-22 10:01:40', ' '),
(1173, 31, 'Colonnello-PC/192.168.254.100', '2017-03-22 10:01:40', ' '),
(1174, 31, 'Colonnello-PC/192.168.254.100', '2017-03-22 10:01:40', ' '),
(1175, 31, 'Colonnello-PC/192.168.254.100', '2017-03-22 10:01:40', ' '),
(1176, 31, 'Colonnello-PC/192.168.254.100', '2017-03-22 10:01:40', ' '),
(1177, 31, 'Colonnello-PC/192.168.254.100', '2017-03-22 10:01:40', ' '),
(1178, 31, 'Colonnello-PC/192.168.254.100', '2017-03-22 10:01:40', ' '),
(1179, 31, 'Colonnello-PC/192.168.254.100', '2017-03-22 10:01:40', ' '),
(1180, 31, 'Colonnello-PC/192.168.254.100', '2017-03-22 10:01:40', ' '),
(1181, 31, 'Colonnello-PC/192.168.254.100', '2017-03-22 10:01:40', ' '),
(1182, 31, 'Colonnello-PC/192.168.254.100', '2017-03-22 10:01:40', ' '),
(1183, 31, 'Colonnello-PC/192.168.254.100', '2017-03-22 10:01:40', ' '),
(1184, 31, 'Colonnello-PC/192.168.254.100', '2017-03-22 10:01:40', ' '),
(1185, 31, 'Colonnello-PC/192.168.254.100', '2017-03-22 10:01:40', ' '),
(1186, 31, 'Colonnello-PC/192.168.254.100', '2017-03-22 10:01:40', ' '),
(1187, 31, 'Colonnello-PC/192.168.254.100', '2017-03-22 10:01:40', ' '),
(1188, 31, 'Colonnello-PC/192.168.254.100', '2017-03-22 10:01:40', ' '),
(1189, 31, 'Colonnello-PC/192.168.254.100', '2017-03-22 10:01:40', ' '),
(1190, 31, 'Colonnello-PC/192.168.254.100', '2017-03-22 10:01:40', ' '),
(1191, 31, 'Colonnello-PC/192.168.254.100', '2017-03-22 10:01:40', ' '),
(1192, 31, 'Colonnello-PC/192.168.254.100', '2017-03-22 10:01:40', ' '),
(1193, 32, 'Colonnello-PC/192.168.254.100', '2017-03-22 09:58:21', ' '),
(1194, 31, 'Colonnello-PC/192.168.254.100', '2017-03-22 10:01:40', ' '),
(1195, 31, 'Colonnello-PC/192.168.254.100', '2017-03-22 10:01:40', ' '),
(1196, 31, 'Colonnello-PC/192.168.254.100', '2017-03-22 10:01:40', ' '),
(1197, 31, 'Colonnello-PC/192.168.254.100', '2017-03-22 10:01:40', ' '),
(1198, 31, 'Colonnello-PC/192.168.254.100', '2017-03-22 10:01:40', ' '),
(1199, 31, 'Colonnello-PC/192.168.254.100', '2017-03-22 10:01:40', ' '),
(1200, 31, 'Colonnello-PC/192.168.254.100', '2017-03-22 10:01:40', ' '),
(1201, 31, 'Colonnello-PC/192.168.254.100', '2017-03-22 10:01:40', ' '),
(1202, 32, 'Colonnello-PC/192.168.254.100', '2017-03-22 09:58:21', ' '),
(1203, 31, 'Colonnello-PC/192.168.254.100', '2017-03-22 10:01:40', ' '),
(1204, 31, 'Colonnello-PC/192.168.254.100', '2017-03-22 10:01:40', ' '),
(1205, 32, 'Colonnello-PC/192.168.254.100', '2017-03-22 09:58:21', ' '),
(1206, 31, 'Colonnello-PC/192.168.254.100', '2017-03-22 10:01:40', ' '),
(1207, 31, 'Colonnello-PC/192.168.254.100', '2017-03-22 10:01:40', ' '),
(1208, 31, 'Colonnello-PC/192.168.254.100', '2017-03-22 10:01:40', ' '),
(1209, 32, 'Colonnello-PC/192.168.254.100', '2017-03-22 09:58:21', ' '),
(1210, 31, 'Colonnello-PC/192.168.254.100', '2017-03-22 10:01:40', ' '),
(1211, 32, 'Colonnello-PC/192.168.254.100', '2017-03-22 09:58:21', ' '),
(1212, 31, 'Colonnello-PC/192.168.254.100', '2017-03-22 10:01:40', ' '),
(1213, 31, 'Colonnello-PC/192.168.254.100', '2017-03-22 10:01:40', ' '),
(1214, 31, 'Colonnello-PC/192.168.254.100', '2017-03-22 10:01:40', ' '),
(1215, 31, 'Colonnello-PC/192.168.254.100', '2017-03-22 10:01:40', ' '),
(1216, 31, 'Colonnello-PC/192.168.254.100', '2017-03-22 10:01:40', ' '),
(1217, 31, 'Colonnello-PC/192.168.254.100', '2017-03-22 10:01:40', ' '),
(1218, 31, 'Colonnello-PC/192.168.254.100', '2017-03-22 10:01:40', ' '),
(1219, 31, 'Colonnello-PC/192.168.254.100', '2017-03-22 10:01:40', ' '),
(1220, 32, 'Colonnello-PC/192.168.254.100', '2017-03-22 09:58:21', ' '),
(1221, 31, 'Colonnello-PC/192.168.254.100', '2017-03-22 10:01:40', ' '),
(1222, 31, 'Colonnello-PC/192.168.254.100', '2017-03-22 10:01:40', ' '),
(1223, 31, 'Colonnello-PC/192.168.254.100', '2017-03-22 10:01:40', ' '),
(1224, 31, 'Colonnello-PC/192.168.254.100', '2017-03-22 10:01:40', ' '),
(1225, 31, 'Colonnello-PC/192.168.254.100', '2017-03-22 10:01:40', ' '),
(1226, 31, 'Colonnello-PC/192.168.254.100', '2017-03-22 10:01:40', ' '),
(1227, 31, 'Colonnello-PC/192.168.254.100', '2017-03-22 10:01:40', ' '),
(1228, 31, 'Colonnello-PC/192.168.254.100', '2017-03-22 10:01:40', ' '),
(1229, 31, 'Colonnello-PC/192.168.254.100', '2017-03-22 10:01:40', ' '),
(1230, 31, 'Colonnello-PC/192.168.254.100', '2017-03-22 10:01:40', ' '),
(1231, 31, 'Colonnello-PC/192.168.254.100', '2017-03-22 10:01:40', ' '),
(1232, 31, 'Colonnello-PC/192.168.254.100', '2017-03-22 10:01:40', ' '),
(1233, 31, 'Colonnello-PC/192.168.254.100', '2017-03-22 10:01:40', ' '),
(1234, 31, 'Colonnello-PC/192.168.254.100', '2017-03-22 10:01:40', ' '),
(1235, 31, 'Colonnello-PC/192.168.254.100', '2017-03-22 10:01:40', ' '),
(1236, 31, 'Colonnello-PC/192.168.254.100', '2017-03-22 10:01:40', ' '),
(1237, 31, 'Colonnello-PC/192.168.254.100', '2017-03-22 10:01:40', ' '),
(1238, 31, 'Colonnello-PC/192.168.254.100', '2017-03-22 10:01:40', ' '),
(1239, 31, 'Colonnello-PC/192.168.254.100', '2017-03-22 10:01:40', ' '),
(1240, 31, 'Colonnello-PC/192.168.254.100', '2017-03-22 10:01:40', ' '),
(1241, 31, 'Colonnello-PC/192.168.254.100', '2017-03-22 10:01:40', ' '),
(1242, 31, 'Colonnello-PC/192.168.254.100', '2017-03-22 10:01:40', ' '),
(1243, 31, 'Colonnello-PC/192.168.254.100', '2017-03-22 10:01:40', ' '),
(1244, 31, 'Colonnello-PC/192.168.254.100', '2017-03-22 10:01:40', ' '),
(1245, 31, 'Colonnello-PC/192.168.254.100', '2017-03-22 10:01:40', ' '),
(1246, 31, 'Colonnello-PC/192.168.254.100', '2017-03-22 10:01:40', ' '),
(1247, 31, 'Colonnello-PC/192.168.254.100', '2017-03-22 10:01:40', ' '),
(1248, 31, 'Colonnello-PC/192.168.254.100', '2017-03-22 10:01:40', ' '),
(1249, 31, 'Colonnello-PC/192.168.254.100', '2017-03-22 10:01:40', ' '),
(1250, 31, 'Colonnello-PC/192.168.254.100', '2017-03-22 10:01:40', ' '),
(1251, 31, 'Colonnello-PC/192.168.254.100', '2017-03-22 10:01:40', ' '),
(1252, 31, 'Colonnello-PC/192.168.254.100', '2017-03-22 10:01:40', ' '),
(1253, 31, 'Colonnello-PC/192.168.254.100', '2017-03-22 10:01:40', ' '),
(1254, 31, 'Colonnello-PC/192.168.254.100', '2017-03-22 10:01:40', ' '),
(1255, 31, 'Colonnello-PC/192.168.254.100', '2017-03-22 10:01:40', ' '),
(1256, 31, 'Colonnello-PC/192.168.254.100', '2017-03-22 10:01:40', ' '),
(1257, 31, 'Colonnello-PC/192.168.254.100', '2017-03-22 10:01:40', ' '),
(1258, 31, 'Colonnello-PC/192.168.254.100', '2017-03-22 10:01:40', ' '),
(1259, 31, 'Colonnello-PC/192.168.254.100', '2017-03-22 10:01:40', ' '),
(1260, 32, 'Colonnello-PC/192.168.254.100', '2017-03-22 09:58:21', ' '),
(1261, 31, 'Colonnello-PC/192.168.254.100', '2017-03-22 10:01:40', ' '),
(1262, 32, 'Colonnello-PC/192.168.254.100', '2017-03-22 09:58:21', ' '),
(1263, 31, 'Colonnello-PC/192.168.254.100', '2017-03-22 10:01:40', ' '),
(1264, 31, 'Colonnello-PC/192.168.254.100', '2017-03-22 10:01:40', ' '),
(1265, 31, 'Colonnello-PC/192.168.254.100', '2017-03-22 10:01:40', ' '),
(1266, 31, 'Colonnello-PC/192.168.254.100', '2017-03-22 10:01:40', ' '),
(1267, 31, 'Colonnello-PC/192.168.254.100', '2017-03-22 10:01:40', ' '),
(1268, 31, 'Colonnello-PC/192.168.254.100', '2017-03-22 10:01:40', ' '),
(1269, 32, 'Colonnello-PC/192.168.254.100', '2017-03-22 09:58:21', ' '),
(1270, 31, 'Colonnello-PC/192.168.254.100', '2017-03-22 10:01:40', ' '),
(1271, 32, 'Colonnello-PC/192.168.254.100', '2017-03-22 09:58:21', ' '),
(1272, 31, 'Colonnello-PC/192.168.254.100', '2017-03-22 10:01:40', ' '),
(1273, 1, 'Colonnello-PC/192.168.254.100', '2017-03-14 13:03:24', ' '),
(1274, 31, 'Colonnello-PC/192.168.254.100', '2017-03-22 10:01:40', ' '),
(1275, 31, 'Colonnello-PC/192.168.254.100', '2017-03-22 10:01:40', ' '),
(1276, 31, 'Colonnello-PC/192.168.254.100', '2017-03-22 10:01:40', ' '),
(1277, 31, 'Colonnello-PC/192.168.254.100', '2017-03-22 10:01:40', ' '),
(1278, 32, 'Colonnello-PC/192.168.254.100', '2017-03-22 09:58:21', ' '),
(1279, 31, 'Colonnello-PC/192.168.254.100', '2017-03-22 10:01:40', ' '),
(1280, 31, 'Colonnello-PC/192.168.254.100', '2017-03-22 10:01:40', ' '),
(1281, 31, 'Colonnello-PC/192.168.254.100', '2017-03-22 10:01:40', ' '),
(1282, 31, 'Colonnello-PC/192.168.254.100', '2017-03-22 10:01:40', ' '),
(1283, 31, 'Colonnello-PC/192.168.254.100', '2017-03-22 10:01:40', ' '),
(1284, 31, 'Colonnello-PC/192.168.254.100', '2017-03-22 10:01:40', ' '),
(1285, 31, 'Colonnello-PC/192.168.254.100', '2017-03-22 10:01:40', ' '),
(1286, 31, 'Colonnello-PC/192.168.254.100', '2017-03-22 10:01:40', ' '),
(1287, 31, 'Colonnello-PC/192.168.254.100', '2017-03-22 10:01:40', ' '),
(1288, 32, 'Colonnello-PC/192.168.254.100', '2017-03-22 09:58:21', ' '),
(1289, 31, 'Colonnello-PC/192.168.254.100', '2017-03-22 10:01:40', ' '),
(1290, 32, 'Colonnello-PC/192.168.254.100', '2017-03-22 09:58:21', ' '),
(1291, 31, 'Colonnello-PC/192.168.254.100', '2017-03-22 10:01:40', ' '),
(1292, 32, 'Colonnello-PC/192.168.254.100', '2017-03-22 09:58:21', ' '),
(1293, 31, 'Colonnello-PC/192.168.254.100', '2017-03-22 10:01:40', ' '),
(1294, 31, 'Colonnello-PC/192.168.254.100', '2017-03-22 10:01:40', ' '),
(1295, 31, 'Colonnello-PC/192.168.254.100', '2017-03-22 10:01:40', ' '),
(1296, 32, 'Colonnello-PC/192.168.254.100', '2017-03-22 09:58:21', ' '),
(1297, 31, 'Colonnello-PC/192.168.254.100', '2017-03-22 10:01:40', ' ');

-- --------------------------------------------------------

--
-- Table structure for table `account_types`
--

CREATE TABLE `account_types` (
  `account_type_id` int(11) NOT NULL,
  `account_type_name` varchar(30) DEFAULT NULL
) ENGINE=InnoDB DEFAULT CHARSET=latin1;

--
-- Dumping data for table `account_types`
--

INSERT INTO `account_types` (`account_type_id`, `account_type_name`) VALUES
(1, 'Admin'),
(2, 'Cashier'),
(3, 'Owner'),
(4, 'Delivery');

-- --------------------------------------------------------

--
-- Table structure for table `barangay`
--

CREATE TABLE `barangay` (
  `barangay_id` int(11) NOT NULL,
  `barangay` varchar(100) DEFAULT NULL,
  `city_id` int(11) DEFAULT NULL
) ENGINE=InnoDB DEFAULT CHARSET=latin1;

--
-- Dumping data for table `barangay`
--

INSERT INTO `barangay` (`barangay_id`, `barangay`, `city_id`) VALUES
(1, 'Balugo', 10),
(2, 'Banilad', 10),
(3, 'Batinguel', 10),
(4, 'Buñao', 10),
(5, 'Cadawinonan', 10),
(6, 'Calindagan', 10),
(7, 'Camanjac', 10),
(8, 'Candau-ay', 10),
(9, 'Cantil-e', 10),
(10, 'Daro', 10),
(11, 'Junob', 10),
(12, 'Looc', 10),
(13, 'Mangnao Canal', 10),
(14, 'Motong', 10),
(15, 'Piapi', 10),
(16, 'Poblacion No. 1(Tinago)', 10),
(17, 'Poblacion No. 2(Upper Luke Wright)', 10),
(18, 'Poblacion No. 3(Colon Ext.)', 10),
(19, 'Poblacion No. 4(Rizal Boulevard)', 10),
(20, 'Poblacion No. 5(Silliman Area)', 10),
(21, 'Poblacion No. 6(Cambagroy)', 10),
(22, 'Poblacion No. 7(Manggay)', 10),
(23, 'Poblacion No. 8(Cervantes Street)', 10),
(24, 'Pulantubig', 10),
(25, 'Tabuc Tubig', 10),
(26, 'Taclobo', 10),
(27, 'Talay', 10),
(28, 'Bagacay', 10),
(29, 'Bajumpandan', 10),
(30, 'Bantayan', 10),
(38, 'Basac', 25),
(39, 'Calango', 25),
(40, 'Lotuban', 25),
(41, 'Malongcay Diot', 25),
(42, 'Maluay', 25),
(43, 'Mayabon', 25),
(44, 'Nabago', 25),
(45, 'Nasig-id', 25),
(46, 'Najandig', 25),
(47, 'Poblacion', 25),
(48, 'Anahawan', 9),
(49, 'Bagacay', 9),
(50, 'Baslay', 9),
(51, 'Batuhon Dacu', 9),
(52, 'Boloc-Boloc', 9),
(53, 'Bulak', 9),
(54, 'Bungay', 9),
(55, 'Casile', 9),
(56, 'Libjo', 9),
(57, 'Lipayo', 9),
(58, 'Maayongtubig', 9),
(59, 'Mag-aso', 9),
(60, 'Magsaysay', 9),
(61, 'Malongcay Dacu', 9),
(62, 'Masaplod Norte', 9),
(63, 'Masaplod Sur', 9),
(64, 'Pahubtuban', 9),
(65, 'Poblacion I', 9),
(66, 'Poblacion II', 9),
(67, 'Poblacion III', 9),
(68, 'Tugawe', 9),
(69, 'Tunga-tunga', 9),
(70, 'Apo Island', 9),
(71, 'Apolong', 23),
(72, 'East Balabag', 23),
(73, 'West Balabag', 23),
(74, 'Balayagmanok', 23),
(75, 'Balili', 23),
(76, 'Balugo', 23),
(77, 'Bongbong', 23),
(78, 'Bong - ao', NULL),
(79, 'Calayugan', 23),
(80, 'Cambucad', 23),
(81, 'Dobdob', 23),
(82, 'Jawa', 23),
(83, 'Caidiocan', 23),
(84, 'Liptong', 23),
(85, 'Lunga', 23),
(86, 'Malabo', 23),
(87, 'Malaunay', 23),
(88, 'Mampas', 23),
(89, 'Palinpinon', 23),
(90, 'North Poblacion', 23),
(91, 'South Poblacion', 23),
(92, 'Puhagan', 23),
(93, 'Pulangbato', 23),
(94, 'Sagbang', 23),
(95, 'Agan-an', 20),
(96, 'Ajong', 20),
(97, 'Balugo', 20),
(98, 'Boloc-boloc', 20),
(99, 'Calabnugan', 20),
(100, 'Cangmating', 20),
(101, 'Enrique Villanueva', 20),
(102, 'Looc', 20),
(103, 'Magatas', 20),
(104, 'Maningcao', 20),
(105, 'Maslog', 20),
(106, 'Poblacion', 20),
(107, 'San Antonio', 20),
(108, 'Tubigon', 20),
(109, 'Tubtubon', 20);

-- --------------------------------------------------------

--
-- Table structure for table `cities`
--

CREATE TABLE `cities` (
  `city_id` int(11) NOT NULL,
  `city` varchar(100) DEFAULT NULL,
  `area_code_landline` varchar(10) NOT NULL,
  `province_id` int(11) DEFAULT NULL
) ENGINE=InnoDB DEFAULT CHARSET=latin1;

--
-- Dumping data for table `cities`
--

INSERT INTO `cities` (`city_id`, `city`, `area_code_landline`, `province_id`) VALUES
(1, 'Amlan (Ayuquitan)', '', 7),
(2, 'Ayungon', '', 7),
(3, 'Bacong', '', 7),
(4, 'Bais *', '(035)', 7),
(5, 'Basay', '', 7),
(6, 'Bayawan (Tulong) *', '(035)', 7),
(7, 'Bindoy (Payabon)', '', 7),
(8, 'Canlaon *', '', 7),
(9, 'Dauin', '', 7),
(10, 'Dumaguete †', '(035)', 7),
(11, 'Guihulngan *', '', 7),
(12, 'Jimalalud', '', 7),
(13, 'La Libertad', '', 7),
(14, 'Mabinay', '', 7),
(15, 'Manjuyod', '', 7),
(16, 'Pamplona', '', 7),
(17, 'San Jose', '', 7),
(18, 'Santa Catalina', '', 7),
(19, 'Siaton', '', 7),
(20, 'Sibulan', '', 7),
(21, 'Tanjay *', '(035)', 7),
(22, 'Tayasan', '', 7),
(23, 'Valencia (Luzurriaga)', '', 7),
(24, 'Vallehermoso', '', 7),
(25, 'Zamboanguita', '', 7);

-- --------------------------------------------------------

--
-- Table structure for table `countries`
--

CREATE TABLE `countries` (
  `country_id` int(11) NOT NULL,
  `country` varchar(100) DEFAULT NULL
) ENGINE=InnoDB DEFAULT CHARSET=latin1;

--
-- Dumping data for table `countries`
--

INSERT INTO `countries` (`country_id`, `country`) VALUES
(1, 'Philippines');

-- --------------------------------------------------------

--
-- Table structure for table `customers`
--

CREATE TABLE `customers` (
  `customer_id` int(11) NOT NULL,
  `customer_firstname` varchar(30) DEFAULT NULL,
  `customer_middle_initial` char(1) DEFAULT NULL,
  `customer_lastname` varchar(30) DEFAULT NULL,
  `customer_gender` varchar(6) NOT NULL,
  `customer_cellphone_no` varchar(50) NOT NULL,
  `customer_landline` varchar(30) NOT NULL,
  `customer_street` text,
  `customer_barangay` text,
  `customer_city_municipality` text NOT NULL,
  `customer_province` text NOT NULL,
  `customer_country` varchar(20) NOT NULL,
  `customer_date` date NOT NULL,
  `customer_sketch_desc` varchar(500) DEFAULT NULL,
  `customer_status` varchar(8) NOT NULL,
  `account_name` varchar(200) NOT NULL
) ENGINE=InnoDB DEFAULT CHARSET=latin1;

--
-- Dumping data for table `customers`
--

INSERT INTO `customers` (`customer_id`, `customer_firstname`, `customer_middle_initial`, `customer_lastname`, `customer_gender`, `customer_cellphone_no`, `customer_landline`, `customer_street`, `customer_barangay`, `customer_city_municipality`, `customer_province`, `customer_country`, `customer_date`, `customer_sketch_desc`, `customer_status`, `account_name`) VALUES
(0, 'N/A', NULL, NULL, '', '', '', 'N/A', NULL, '', '', '', '0000-00-00', NULL, '', '');

-- --------------------------------------------------------

--
-- Table structure for table `discounts`
--

CREATE TABLE `discounts` (
  `discount_id` int(11) NOT NULL,
  `customer_id` int(11) DEFAULT NULL,
  `product_id` varchar(100) DEFAULT NULL,
  `number_product` int(11) DEFAULT NULL,
  `discount` double DEFAULT NULL,
  `discount_date` date DEFAULT NULL,
  `discount_status` varchar(7) NOT NULL
) ENGINE=InnoDB DEFAULT CHARSET=latin1;

-- --------------------------------------------------------

--
-- Table structure for table `expenses`
--

CREATE TABLE `expenses` (
  `expenses_id` int(11) NOT NULL,
  `expenses` varchar(100) DEFAULT NULL,
  `expenses_amount` float DEFAULT NULL,
  `expenses_description` text NOT NULL,
  `expenses_received` varchar(100) NOT NULL,
  `account_id` int(11) DEFAULT NULL,
  `expenses_date` date DEFAULT NULL
) ENGINE=InnoDB DEFAULT CHARSET=latin1;

--
-- Dumping data for table `expenses`
--

INSERT INTO `expenses` (`expenses_id`, `expenses`, `expenses_amount`, `expenses_description`, `expenses_received`, `account_id`, `expenses_date`) VALUES
(1, 'Gasoline', 200, '', 'Andrew D. Lopez', 1, '2017-02-19'),
(2, 'Galloon', 500, 'N/A', 'Ave D. Lopez', 1, '2017-02-19'),
(3, 'Gasoline', 300, 'test', 'Avegail Lopez', 1, '2017-02-19'),
(4, 'Galloon', 300, 'N/A', 'Ave D. Lopez', 1, '2017-02-19'),
(5, 'Galloon', 100, 'N/A', 'Ave D. Lopez', 1, '2017-02-20'),
(6, 'Computer repair', 500, 'Ram - 250\ncleaning - 250\n', 'Ave D. Lopez', 1, '2017-02-20');

-- --------------------------------------------------------

--
-- Table structure for table `products`
--

CREATE TABLE `products` (
  `product_id` int(11) NOT NULL,
  `product_name` varchar(70) DEFAULT NULL,
  `product_price` float DEFAULT NULL,
  `product_status` varchar(7) NOT NULL,
  `product_date` date NOT NULL
) ENGINE=InnoDB DEFAULT CHARSET=latin1;

--
-- Dumping data for table `products`
--

INSERT INTO `products` (`product_id`, `product_name`, `product_price`, `product_status`, `product_date`) VALUES
(96901344, 'Slim (1 Container)', 50, 'Enable', '2017-01-18'),
(452041427, 'Mineral water 100ml', 10, 'Disable', '2017-02-24'),
(924447151, 'Round (1 Gallon)', 25, 'Enable', '2017-02-24');

-- --------------------------------------------------------

--
-- Table structure for table `provinces`
--

CREATE TABLE `provinces` (
  `province_id` int(11) NOT NULL,
  `province` varchar(100) DEFAULT NULL,
  `country_id` int(11) DEFAULT NULL
) ENGINE=InnoDB DEFAULT CHARSET=latin1;

--
-- Dumping data for table `provinces`
--

INSERT INTO `provinces` (`province_id`, `province`, `country_id`) VALUES
(1, 'Aklan', 1),
(2, 'Antique', 1),
(3, 'Capiz', 1),
(4, 'Iloilo', 1),
(5, 'Guimaras', 1),
(6, 'Negros Occidental', 1),
(7, 'Negros Oriental', 1),
(8, 'Cebu', 1),
(9, 'Bohol', 1),
(10, 'Siquijor', 1),
(11, 'Northern Samar', 1),
(12, 'Samar', 1),
(13, 'Eastern Samar', 1),
(14, 'Biliran', 1),
(15, 'Leyte', 1),
(16, 'Southern Leyte', 1);

-- --------------------------------------------------------

--
-- Table structure for table `transaction`
--

CREATE TABLE `transaction` (
  `transaction_id` int(11) NOT NULL,
  `customer_id` int(11) DEFAULT NULL,
  `transaction_borrowed_round` int(11) DEFAULT NULL,
  `transaction_borrowed_slim` int(11) DEFAULT NULL,
  `transaction_returned_round` int(11) NOT NULL,
  `transaction_returned_slim` int(11) NOT NULL,
  `transaction_others` int(11) DEFAULT NULL,
  `transaction_amount` float DEFAULT NULL,
  `transaction_total` float DEFAULT NULL,
  `transaction_balance` float NOT NULL,
  `transaction_change` float NOT NULL,
  `transaction_date` date DEFAULT NULL,
  `account_name` varchar(200) NOT NULL,
  `status` varchar(100) NOT NULL,
  `transaction_remarks` text,
  `transaction_basket` text NOT NULL,
  `transaction_type` varchar(50) NOT NULL
) ENGINE=InnoDB DEFAULT CHARSET=latin1;

--
-- Indexes for dumped tables
--

--
-- Indexes for table `accounts`
--
ALTER TABLE `accounts`
  ADD PRIMARY KEY (`account_id`);

--
-- Indexes for table `account_logs`
--
ALTER TABLE `account_logs`
  ADD PRIMARY KEY (`account_logs_id`);

--
-- Indexes for table `account_types`
--
ALTER TABLE `account_types`
  ADD PRIMARY KEY (`account_type_id`);

--
-- Indexes for table `barangay`
--
ALTER TABLE `barangay`
  ADD PRIMARY KEY (`barangay_id`);

--
-- Indexes for table `cities`
--
ALTER TABLE `cities`
  ADD PRIMARY KEY (`city_id`);

--
-- Indexes for table `countries`
--
ALTER TABLE `countries`
  ADD PRIMARY KEY (`country_id`);

--
-- Indexes for table `customers`
--
ALTER TABLE `customers`
  ADD PRIMARY KEY (`customer_id`);

--
-- Indexes for table `discounts`
--
ALTER TABLE `discounts`
  ADD PRIMARY KEY (`discount_id`);

--
-- Indexes for table `expenses`
--
ALTER TABLE `expenses`
  ADD PRIMARY KEY (`expenses_id`);

--
-- Indexes for table `products`
--
ALTER TABLE `products`
  ADD PRIMARY KEY (`product_id`);

--
-- Indexes for table `provinces`
--
ALTER TABLE `provinces`
  ADD PRIMARY KEY (`province_id`);

--
-- Indexes for table `transaction`
--
ALTER TABLE `transaction`
  ADD PRIMARY KEY (`transaction_id`);

--
-- AUTO_INCREMENT for dumped tables
--

--
-- AUTO_INCREMENT for table `accounts`
--
ALTER TABLE `accounts`
  MODIFY `account_id` int(11) NOT NULL AUTO_INCREMENT, AUTO_INCREMENT=33;
--
-- AUTO_INCREMENT for table `account_logs`
--
ALTER TABLE `account_logs`
  MODIFY `account_logs_id` int(11) NOT NULL AUTO_INCREMENT, AUTO_INCREMENT=1298;
--
-- AUTO_INCREMENT for table `account_types`
--
ALTER TABLE `account_types`
  MODIFY `account_type_id` int(11) NOT NULL AUTO_INCREMENT, AUTO_INCREMENT=5;
--
-- AUTO_INCREMENT for table `barangay`
--
ALTER TABLE `barangay`
  MODIFY `barangay_id` int(11) NOT NULL AUTO_INCREMENT, AUTO_INCREMENT=110;
--
-- AUTO_INCREMENT for table `cities`
--
ALTER TABLE `cities`
  MODIFY `city_id` int(11) NOT NULL AUTO_INCREMENT, AUTO_INCREMENT=26;
--
-- AUTO_INCREMENT for table `countries`
--
ALTER TABLE `countries`
  MODIFY `country_id` int(11) NOT NULL AUTO_INCREMENT, AUTO_INCREMENT=2;
--
-- AUTO_INCREMENT for table `customers`
--
ALTER TABLE `customers`
  MODIFY `customer_id` int(11) NOT NULL AUTO_INCREMENT, AUTO_INCREMENT=2;
--
-- AUTO_INCREMENT for table `discounts`
--
ALTER TABLE `discounts`
  MODIFY `discount_id` int(11) NOT NULL AUTO_INCREMENT;
--
-- AUTO_INCREMENT for table `expenses`
--
ALTER TABLE `expenses`
  MODIFY `expenses_id` int(11) NOT NULL AUTO_INCREMENT, AUTO_INCREMENT=7;
--
-- AUTO_INCREMENT for table `products`
--
ALTER TABLE `products`
  MODIFY `product_id` int(11) NOT NULL AUTO_INCREMENT, AUTO_INCREMENT=924447152;
--
-- AUTO_INCREMENT for table `provinces`
--
ALTER TABLE `provinces`
  MODIFY `province_id` int(11) NOT NULL AUTO_INCREMENT, AUTO_INCREMENT=17;
--
-- AUTO_INCREMENT for table `transaction`
--
ALTER TABLE `transaction`
  MODIFY `transaction_id` int(11) NOT NULL AUTO_INCREMENT;
/*!40101 SET CHARACTER_SET_CLIENT=@OLD_CHARACTER_SET_CLIENT */;
/*!40101 SET CHARACTER_SET_RESULTS=@OLD_CHARACTER_SET_RESULTS */;
/*!40101 SET COLLATION_CONNECTION=@OLD_COLLATION_CONNECTION */;
